"YEAR","AZ-Phoenix","CA-Los Angeles","CA-San Diego","CA-San Francisco","CO-Denver","DC-Washington","FL-Miami","FL-Tampa","GA-Atlanta","IL-Chicago","MA-Boston","MI-Detroit","MN-Minneapolis","NC-Charlotte","NV-Las Vegas","NY-New York","OH-Cleveland","OR-Portland","TX-Dallas","WA-Seattle","Composite-10","Composite-20"
January 1987,,59.43,54.79,46.96,50.35,64.41,68.55,77.44,,54.21,70.27,,,63.56,66.42,74.68,54.06,41.30,,,63.10,
February 1987,,59.89,55.22,47.30,50.16,65.13,68.92,78.10,,55.23,70.64,,,64.03,67.57,76.04,54.23,41.44,,,63.80,
March 1987,,60.40,55.49,47.84,50.38,66.00,69.39,77.69,,54.81,71.05,,,64.11,67.85,77.24,54.37,41.42,,,64.43,
April 1987,,61.32,56.05,47.98,50.74,66.64,69.46,77.82,,54.80,71.41,,,64.89,68.19,78.28,54.16,41.27,,,65.06,
May 1987,,62.03,56.46,48.31,50.76,67.44,69.75,77.97,,55.48,71.88,,,65.22,67.93,79.68,54.73,41.40,,,65.82,
June 1987,,62.78,56.79,48.61,50.43,68.52,69.47,78.68,,56.06,72.30,,,65.56,66.80,80.84,54.88,41.43,,,66.48,
July 1987,,63.46,57.08,49.08,50.20,69.39,69.64,78.99,,57.11,72.62,,,65.72,65.76,81.70,55.29,41.56,,,67.12,
August 1987,,64.13,57.38,49.54,50.12,70.25,69.80,78.95,,57.61,73.16,,,65.87,65.03,82.22,55.44,41.60,,,67.71,
September 1987,,64.89,57.84,50.24,50.06,71.40,70.57,79.04,,58.27,73.75,,,66.27,65.28,82.38,55.84,41.54,,,68.35,
October 1987,,65.77,58.30,50.99,50.15,72.32,71.02,78.87,,59.01,74.01,,,66.59,65.51,83.16,56.13,41.63,,,68.99,
November 1987,,66.71,58.90,51.64,49.73,73.16,71.42,79.02,,59.71,74.42,,,67.12,66.53,83.68,56.46,41.57,,,69.57,
December 1987,,67.78,59.40,52.23,49.85,73.59,71.46,79.36,,61.08,74.58,,,67.38,66.49,84.50,56.61,41.80,,,70.31,
January 1988,,68.78,60.02,52.70,49.55,74.40,71.68,79.50,,61.97,74.66,,,67.78,66.70,84.32,56.99,41.84,,,70.76,
February 1988,,69.71,60.49,53.20,49.49,75.29,71.83,79.43,,63.45,74.59,,,67.53,66.43,84.49,57.22,41.66,,,71.24,
March 1988,,70.70,61.28,53.87,49.06,76.39,72.35,79.24,,64.51,74.48,,,67.96,66.76,84.48,57.90,42.24,,,71.74,
April 1988,,71.48,61.44,54.53,48.74,77.30,72.72,79.66,,65.15,74.53,,,67.93,67.43,84.69,58.07,42.43,,,72.20,
May 1988,,72.48,61.85,56.07,48.35,78.38,73.10,79.95,,65.57,74.81,,,67.99,67.58,84.76,58.26,42.74,,,72.76,
June 1988,,74.39,61.44,57.88,48.17,79.34,73.71,80.18,,66.46,75.00,,,68.13,67.53,84.60,58.96,42.71,,,73.50,
July 1988,,76.92,64.59,58.17,48.22,80.78,74.11,80.51,,66.55,75.03,,,68.57,67.65,84.50,59.22,42.84,,,74.34,
August 1988,,78.67,65.29,58.50,48.25,81.93,74.68,80.71,,67.75,74.84,,,69.42,67.95,84.59,59.63,43.20,,,75.09,
September 1988,,80.61,66.08,58.94,48.21,83.16,75.25,80.63,,68.02,74.71,,,69.71,68.46,84.58,59.89,43.43,,,75.82,
October 1988,,82.38,67.18,59.95,48.03,83.67,75.60,80.73,,69.03,74.60,,,69.89,68.46,84.48,60.34,43.74,,,76.43,
November 1988,,84.41,68.43,61.11,47.75,84.63,75.96,80.61,,68.65,74.64,,,69.64,68.14,84.49,60.73,43.95,,,77.08,
December 1988,,85.82,69.83,62.47,47.44,85.93,76.22,80.90,,68.51,74.70,,,69.85,67.83,84.38,61.31,44.21,,,77.68,
January 1989,67.57,87.47,71.17,63.29,47.47,86.87,76.58,80.56,,68.33,74.52,,63.49,69.92,68.78,84.48,62.00,44.48,,,78.33,
February 1989,67.62,88.77,72.76,64.06,47.45,87.80,76.99,80.99,,69.01,75.17,,63.15,70.33,69.64,84.27,62.07,44.80,,,78.90,
March 1989,67.92,91.15,74.48,65.56,47.53,88.62,77.18,81.61,,70.07,75.55,,62.69,70.62,70.48,84.19,62.17,45.00,,,79.82,
April 1989,67.97,93.01,75.81,66.70,47.47,89.33,77.55,81.97,,70.65,75.39,,63.08,70.88,70.00,83.88,61.97,45.35,,,80.44,
May 1989,68.07,94.57,77.05,67.70,47.60,89.78,77.57,82.35,,70.51,75.04,,63.18,71.22,69.79,83.49,62.64,45.61,,,80.83,
June 1989,67.70,95.51,78.14,68.78,47.61,90.20,77.81,81.96,,70.52,74.52,,63.74,71.48,71.55,82.95,62.83,46.02,,,81.07,
July 1989,67.34,96.25,79.03,69.59,47.50,90.71,78.04,81.87,,70.33,74.18,,63.56,71.66,71.77,82.17,63.27,46.26,,,81.14,
August 1989,66.95,96.66,80.10,70.72,47.48,91.37,78.26,81.24,,70.37,73.44,,63.80,71.61,72.39,81.94,63.88,46.59,,,81.40,
September 1989,66.82,97.20,81.10,71.59,47.60,91.93,78.25,81.67,,70.18,73.01,,63.89,71.68,72.79,81.54,64.31,46.93,,,81.62,
October 1989,66.56,97.88,82.06,72.43,47.90,92.19,78.38,81.94,,70.06,72.72,,64.12,71.82,73.46,81.79,64.72,47.35,,,81.94,
November 1989,66.49,99.00,82.71,73.02,48.11,92.38,78.32,82.30,,69.87,72.99,,64.40,72.29,74.26,81.55,64.57,47.76,,,82.23,
December 1989,66.50,99.77,83.57,73.39,48.21,92.84,78.72,82.15,,69.68,73.00,,64.39,72.58,74.86,81.34,65.20,48.71,,,82.47,
January 1990,66.58,100.47,84.08,73.64,48.24,93.36,79.17,82.43,,69.36,73.10,,64.22,72.84,75.56,81.04,65.37,49.65,,58.89,82.65,
February 1990,66.70,100.76,84.74,73.82,48.36,93.66,79.67,82.74,,68.70,72.87,,64.01,73.01,75.64,80.98,65.98,50.57,,60.96,82.73,
March 1990,66.64,100.99,85.13,74.60,48.50,93.61,79.53,83.12,,68.90,72.19,,64.23,73.16,76.60,80.81,66.30,50.77,,62.95,82.76,
April 1990,66.78,100.99,85.55,75.07,48.52,93.59,79.44,82.75,,69.48,71.65,,64.47,73.46,77.27,80.21,66.92,51.46,,65.46,82.68,
May 1990,66.59,100.39,85.74,75.02,48.47,93.11,79.68,82.72,,70.00,70.69,,64.60,73.60,77.85,79.55,67.06,52.07,,66.55,82.33,
June 1990,66.60,100.11,85.75,74.59,48.58,92.63,79.86,82.44,,70.25,69.99,,64.58,74.04,78.73,78.93,67.61,53.39,,67.42,81.99,
July 1990,66.40,99.51,85.59,74.05,48.66,92.23,80.03,82.63,,70.66,69.36,,64.34,73.92,79.65,78.30,67.92,54.43,,67.58,81.57,
August 1990,66.26,99.05,85.34,73.75,48.67,91.84,79.87,82.43,,70.58,68.90,,64.08,73.99,80.58,77.55,68.24,55.56,,67.85,81.17,
September 1990,65.94,98.43,85.22,73.48,48.76,91.43,79.67,82.08,,70.94,68.60,,64.15,73.89,81.00,76.68,68.38,56.63,,67.51,80.77,
October 1990,65.81,98.00,84.92,72.91,48.67,91.26,79.44,81.67,,70.72,68.08,,64.42,73.92,81.55,76.31,68.47,57.01,,67.25,80.36,
November 1990,65.38,97.11,84.65,72.37,48.75,91.01,79.55,81.51,,70.96,67.12,,64.39,73.50,81.38,75.88,68.68,57.09,,66.93,79.91,
December 1990,65.45,96.55,84.03,71.86,48.73,90.94,79.35,81.78,,70.75,66.19,,64.54,73.51,81.70,75.62,68.79,56.82,,66.77,79.52,
January 1991,65.28,95.57,83.48,71.94,48.94,89.71,79.02,81.94,69.62,70.84,65.31,58.42,64.62,73.43,81.09,74.74,68.81,56.78,,66.26,78.87,
February 1991,65.48,94.70,82.56,71.13,48.98,89.26,78.72,82.12,69.47,71.10,64.75,58.13,64.54,73.35,82.06,74.11,68.81,57.32,,65.61,78.34,
March 1991,64.79,93.77,81.60,70.61,49.06,88.21,78.73,81.55,69.32,70.94,64.45,58.15,64.41,72.96,82.15,73.58,69.06,58.63,,65.13,77.71,
April 1991,64.63,93.74,81.21,69.91,49.31,87.92,78.74,81.55,69.72,71.24,64.03,58.22,64.29,73.18,82.24,73.05,69.50,58.77,,65.45,77.45,
May 1991,64.51,93.91,81.53,70.01,49.55,88.65,78.24,81.28,69.80,71.40,64.09,58.51,64.63,73.37,82.35,73.09,69.89,59.07,,65.75,77.60,
June 1991,64.93,94.06,81.89,70.28,49.89,88.94,78.52,81.66,70.05,71.32,64.06,58.81,64.83,73.43,82.27,73.46,70.18,59.33,,66.07,77.81,
July 1991,65.32,94.28,82.10,70.66,50.33,88.99,78.63,81.72,69.91,71.58,64.01,59.04,65.39,73.37,83.34,73.91,70.55,59.58,,66.25,78.09,
August 1991,65.56,94.26,81.94,70.83,50.51,88.61,79.39,81.89,70.09,71.79,64.10,59.19,65.68,73.23,83.64,74.24,70.65,59.72,,66.34,78.25,
September 1991,65.74,94.09,81.66,70.82,50.65,88.49,79.07,81.52,70.04,71.97,64.14,59.29,66.00,73.20,84.86,74.39,70.97,59.81,,66.41,78.27,
October 1991,65.72,93.88,81.66,70.71,50.83,88.42,79.10,81.40,70.14,72.18,64.11,59.54,65.64,73.41,82.99,74.56,71.07,60.29,,66.17,78.24,
November 1991,66.08,93.47,81.45,70.53,51.04,88.67,79.07,81.58,70.12,72.37,63.86,59.63,65.67,73.68,81.58,74.62,71.22,60.38,,66.18,78.15,
December 1991,66.04,93.14,81.34,70.45,51.32,88.47,78.98,81.81,70.01,73.01,63.81,59.76,65.87,73.83,82.83,74.77,71.25,61.22,,66.08,78.15,
January 1992,66.04,92.79,80.86,70.40,51.52,88.57,79.03,81.68,70.07,73.42,63.56,59.75,66.09,73.67,83.04,74.76,71.69,61.67,,66.32,78.07,
February 1992,66.07,92.57,80.57,70.34,52.28,88.22,78.66,80.76,70.17,73.72,63.56,59.84,66.54,73.66,83.50,74.82,72.06,61.99,,66.48,78.08,
March 1992,66.11,91.91,80.69,70.19,53.07,88.64,78.93,80.42,70.23,73.89,63.81,60.08,66.77,73.51,83.12,74.96,72.64,62.17,,66.81,78.01,
April 1992,66.09,91.44,80.68,69.69,53.58,88.84,79.17,80.72,70.22,73.23,64.40,60.53,66.94,73.55,83.01,75.17,72.55,62.12,,67.24,77.95,
May 1992,66.14,90.87,80.45,69.73,53.80,88.98,79.66,81.04,70.39,73.42,64.35,60.78,66.97,73.55,83.21,75.15,72.64,62.37,,67.30,77.89,
June 1992,66.13,90.17,79.91,69.49,53.95,88.87,79.79,81.13,70.50,74.13,64.15,60.84,67.20,73.54,83.13,75.06,72.77,62.47,,67.32,77.70,
July 1992,66.10,89.49,79.57,69.27,54.14,88.50,78.06,80.63,71.08,74.90,63.94,60.90,67.26,73.87,82.77,74.96,72.86,62.59,,67.32,77.43,
August 1992,66.17,88.93,79.27,68.96,54.39,88.48,77.82,80.39,71.13,74.98,63.97,61.05,67.39,74.05,82.40,75.11,73.17,63.06,,67.11,77.31,
September 1992,66.24,88.32,79.04,68.81,54.72,88.41,77.46,80.34,71.29,75.24,63.90,61.25,67.41,74.42,82.47,75.09,73.46,63.49,,66.90,77.15,
October 1992,66.43,87.36,78.16,68.83,54.82,88.59,79.33,81.31,71.03,75.55,64.03,61.24,67.70,74.25,82.96,75.05,73.79,63.94,,67.43,77.03,
November 1992,66.50,86.64,77.92,68.75,55.24,88.67,79.50,81.70,71.36,75.91,64.03,61.27,67.93,74.34,83.31,75.19,74.08,64.67,,67.59,76.96,
December 1992,66.68,85.82,77.48,68.58,55.60,88.81,79.85,81.58,71.43,75.85,64.47,61.42,68.05,74.47,82.89,75.40,74.38,64.93,,67.85,76.86,
January 1993,66.87,85.25,77.65,68.45,56.13,89.07,79.85,81.51,71.53,76.01,64.86,61.56,68.16,74.67,82.56,75.74,74.79,65.22,,68.21,76.89,
February 1993,67.02,84.66,76.99,68.29,56.43,89.28,80.04,81.54,71.53,76.01,64.95,61.68,68.02,74.82,83.01,75.89,74.80,65.42,,68.65,76.85,
March 1993,67.37,83.62,76.62,68.07,56.95,89.44,80.02,82.10,71.75,76.22,64.82,61.70,68.53,74.79,83.20,75.99,74.95,65.86,,68.79,76.60,
April 1993,67.53,82.79,75.91,67.99,57.15,88.94,80.33,82.49,72.23,76.32,64.71,61.93,68.89,74.73,82.80,76.07,75.00,66.56,,68.29,76.40,
May 1993,67.85,82.04,75.55,67.76,57.57,88.48,80.96,82.59,72.63,76.69,64.83,62.25,69.30,74.73,81.96,76.14,75.38,67.09,,67.86,76.27,
June 1993,67.99,81.43,75.05,67.47,58.18,88.65,81.35,82.29,72.83,77.29,65.15,62.67,69.30,75.07,81.92,76.33,75.65,67.76,,67.58,76.26,
July 1993,68.30,80.57,74.49,66.93,58.81,88.82,81.80,82.27,73.12,77.55,65.52,62.96,69.57,75.29,81.99,76.32,75.99,68.17,,67.55,76.09,
August 1993,68.45,79.48,74.18,66.95,59.53,88.92,82.03,82.61,73.27,77.63,65.73,63.23,69.86,75.36,82.40,76.28,76.11,68.23,,68.01,75.90,
September 1993,68.99,79.05,74.27,66.83,60.14,88.79,82.35,83.36,73.58,77.81,65.85,63.40,70.49,75.42,82.88,76.33,76.58,68.68,,68.72,75.87,
October 1993,69.29,78.38,74.26,66.77,60.84,88.62,82.61,83.67,73.77,78.11,65.88,63.77,70.81,75.72,83.14,76.50,76.99,69.22,,69.15,75.81,
November 1993,69.80,78.23,74.31,66.72,61.43,88.51,82.48,83.44,73.99,78.43,66.22,64.18,71.22,76.32,83.74,76.74,77.65,70.12,,69.66,75.90,
December 1993,70.13,77.57,74.11,66.63,62.24,88.84,82.71,82.88,74.37,79.11,66.52,64.39,71.21,76.86,83.80,76.80,78.26,70.66,,69.90,75.91,
January 1994,70.60,77.40,74.27,66.63,62.82,88.99,83.36,82.94,74.76,80.19,66.82,64.53,71.92,77.14,83.97,76.85,78.78,71.12,,70.57,76.06,
February 1994,71.03,77.44,74.11,66.65,63.48,89.02,84.35,83.49,75.36,80.17,67.07,64.66,72.37,77.29,83.76,76.91,79.03,71.59,,70.41,76.23,
March 1994,71.43,77.26,74.01,67.32,63.94,89.31,85.17,83.96,75.47,80.08,67.47,65.08,73.23,77.45,84.08,77.24,79.14,72.23,,70.38,76.41,
April 1994,71.92,77.09,74.02,67.42,64.55,89.48,85.07,83.91,75.52,80.21,68.03,65.26,73.14,77.68,84.40,77.59,79.16,72.73,,70.66,76.58,
May 1994,72.22,76.67,74.25,67.54,65.05,89.79,85.06,83.98,75.78,80.57,67.93,65.62,73.14,77.87,85.44,77.97,79.52,73.42,,71.22,76.69,
June 1994,72.48,76.44,74.44,67.61,65.61,90.09,85.29,83.96,76.05,80.62,68.13,65.96,72.91,78.20,85.93,78.06,79.72,73.86,,71.41,76.77,
July 1994,72.87,76.41,74.55,67.64,65.96,90.18,85.65,84.71,76.39,80.66,68.16,66.38,72.67,78.62,86.29,78.24,79.91,74.55,,71.48,76.87,
August 1994,73.27,76.41,74.19,67.68,66.30,90.08,86.00,85.02,76.58,80.91,68.29,66.73,72.76,79.14,86.07,78.34,80.15,75.08,,71.37,76.94,
September 1994,73.77,76.43,73.71,67.54,66.52,90.05,86.16,85.09,76.69,81.18,68.44,67.04,72.83,79.60,86.17,78.41,80.31,75.63,,71.47,76.97,
October 1994,74.14,76.55,73.73,67.79,66.86,90.04,86.26,84.81,77.12,81.62,68.66,67.32,73.03,79.79,86.28,78.45,80.67,75.82,,71.70,77.10,
November 1994,74.45,76.47,73.46,68.05,67.18,90.14,86.52,84.83,77.56,81.72,68.79,67.50,73.18,79.89,86.54,78.38,81.12,76.08,,72.00,77.13,
December 1994,74.90,76.39,73.44,68.31,67.57,89.95,86.84,85.29,78.04,81.86,68.78,67.94,72.90,80.23,87.22,78.49,81.35,76.32,,72.12,77.21,
January 1995,75.22,76.38,73.05,68.42,67.95,89.67,86.92,85.98,78.23,81.88,68.79,68.97,73.34,80.68,87.32,78.57,81.60,77.16,,72.50,77.20,
February 1995,75.60,76.02,73.16,68.32,68.31,89.60,86.71,85.88,78.55,82.15,69.01,70.83,73.96,81.22,87.59,78.78,81.60,77.55,,72.00,77.28,
March 1995,75.67,75.78,73.00,67.73,68.60,89.40,86.75,85.71,78.59,82.28,69.13,70.74,74.78,81.25,87.74,78.57,81.84,78.40,,71.96,77.06,
April 1995,75.92,75.36,72.92,67.41,68.73,89.13,86.71,85.72,78.61,82.35,68.98,70.19,75.12,81.59,88.27,78.45,82.22,78.16,,71.55,76.88,
May 1995,76.22,75.12,72.53,67.11,69.16,88.93,86.82,85.85,78.58,82.32,69.09,70.27,75.43,81.82,88.15,78.43,82.49,78.40,,71.57,76.77,
June 1995,76.79,74.56,72.10,66.92,69.37,88.67,86.96,86.41,78.63,82.52,69.39,70.56,75.58,82.38,88.03,78.43,83.24,79.16,,71.43,76.66,
July 1995,77.14,74.50,72.09,66.96,69.82,88.57,86.95,86.61,78.93,82.85,69.70,70.91,75.82,82.89,87.92,78.45,83.14,79.90,,71.98,76.70,
August 1995,77.45,74.28,72.14,67.02,70.16,88.65,87.26,86.85,79.32,83.11,70.03,71.37,76.06,83.43,88.33,78.44,83.66,80.91,,72.34,76.75,
September 1995,77.60,74.19,72.19,67.11,70.70,88.80,87.24,86.92,79.67,83.43,70.12,71.94,76.23,84.08,88.65,78.51,83.87,81.25,,72.61,76.82,
October 1995,78.02,74.09,72.11,66.97,71.06,88.76,87.45,87.10,79.98,83.51,70.14,72.39,75.70,84.50,88.92,78.67,84.34,81.78,,72.80,76.86,
November 1995,78.39,74.03,71.70,66.91,71.36,88.65,87.39,87.27,80.16,83.88,70.11,72.89,75.90,84.90,89.01,78.74,84.44,81.97,,72.96,76.88,
December 1995,78.86,73.94,71.81,66.85,71.64,88.64,87.52,87.13,80.47,83.96,70.27,73.21,76.14,85.28,89.13,78.85,84.62,82.68,,73.24,76.92,
January 1996,79.26,73.92,71.89,66.88,71.74,88.66,87.43,87.22,80.80,84.26,70.68,73.58,76.53,85.56,89.19,78.95,84.61,83.20,,73.17,76.99,
February 1996,79.71,73.84,72.04,66.90,71.96,88.54,87.52,87.39,81.28,83.92,70.96,74.15,76.70,86.07,89.50,79.22,85.05,84.01,,73.28,77.12,
March 1996,80.08,73.86,71.76,66.81,72.34,88.61,87.16,87.86,81.39,84.02,71.39,74.71,76.82,87.28,89.44,79.50,85.61,84.48,,73.74,77.17,
April 1996,80.48,73.86,71.82,66.69,72.90,88.87,87.34,88.00,81.67,84.83,71.66,75.41,76.73,87.99,89.77,79.61,86.24,85.21,,73.92,77.34,
May 1996,80.77,74.00,71.96,66.78,73.33,88.87,87.47,87.93,81.82,85.06,71.82,75.97,76.91,88.60,89.82,79.78,86.38,85.79,,73.90,77.47,
June 1996,81.02,74.15,71.83,67.02,73.34,88.78,87.57,87.88,82.07,85.21,72.08,76.51,77.34,88.38,90.22,79.37,86.61,86.26,,74.01,77.47,
July 1996,81.34,74.11,71.72,67.22,73.53,88.71,87.82,87.76,82.08,85.18,72.44,77.04,77.89,88.18,90.22,79.43,87.00,86.67,,73.99,77.51,
August 1996,81.61,74.05,71.39,67.54,73.54,88.64,87.84,87.90,82.41,85.31,72.93,77.59,78.15,88.28,90.11,79.56,87.27,86.98,,74.45,77.61,
September 1996,81.86,74.00,71.71,67.80,73.90,88.68,87.98,87.79,82.73,85.54,73.02,78.02,78.47,88.22,89.81,79.76,87.48,87.95,,74.28,77.75,
October 1996,82.07,74.18,71.83,68.26,74.26,88.82,87.94,88.21,83.04,85.81,73.32,78.58,78.85,88.47,89.66,79.89,87.62,89.00,,74.68,77.95,
November 1996,82.30,74.42,72.15,68.94,74.74,88.92,88.11,88.30,83.32,86.12,73.48,78.96,79.30,88.92,89.48,79.92,87.72,90.19,,74.72,78.18,
December 1996,82.48,74.52,72.22,69.21,75.19,88.67,88.00,88.72,83.42,86.45,74.20,79.17,79.59,89.27,90.14,80.20,87.96,90.75,,75.15,78.38,
January 1997,82.80,74.54,72.56,69.64,75.39,88.78,88.06,88.65,83.70,86.52,74.61,79.35,79.98,89.73,90.78,80.44,87.68,91.24,,75.73,78.57,
February 1997,83.18,74.40,72.75,69.84,75.76,88.97,88.07,88.65,83.88,86.52,74.91,79.24,79.97,89.89,91.63,80.59,88.48,92.22,,76.33,78.72,
March 1997,83.55,74.79,72.97,70.64,76.17,89.34,88.34,87.95,84.12,86.83,75.35,80.25,79.89,90.42,91.91,80.59,88.92,93.10,,76.87,78.99,
April 1997,83.95,75.27,73.25,71.26,76.59,88.92,88.55,88.44,84.51,86.93,75.73,80.97,79.67,90.37,91.63,80.67,88.83,93.53,,77.86,79.25,
May 1997,84.27,75.76,73.49,71.79,76.94,88.93,88.66,88.71,84.96,86.89,76.13,81.73,80.39,90.55,91.50,80.95,89.00,93.66,,78.78,79.53,
June 1997,84.39,76.19,74.05,72.31,77.35,88.97,88.75,88.82,85.13,86.89,76.49,82.22,80.73,90.66,91.72,81.39,88.82,93.03,,79.65,79.91,
July 1997,84.44,76.54,74.42,72.80,77.80,89.01,88.80,88.92,85.35,87.22,76.75,82.52,82.06,91.14,92.08,81.78,89.47,93.16,,80.67,80.22,
August 1997,84.56,77.16,75.01,73.57,78.31,89.12,88.89,89.23,85.55,87.57,77.07,82.84,82.26,91.42,92.49,81.94,89.40,92.88,,81.11,80.61,
September 1997,85.03,77.55,75.38,74.12,78.44,89.23,89.17,89.44,86.08,87.97,77.44,83.48,81.76,91.92,92.59,82.06,89.97,93.17,,81.69,80.91,
October 1997,85.64,78.23,76.20,75.04,78.82,89.54,89.59,89.51,86.43,88.33,78.00,84.00,82.10,92.36,92.89,82.34,89.70,92.95,,82.06,81.42,
November 1997,86.16,78.89,76.73,75.68,79.33,89.75,89.91,89.72,86.89,88.92,78.62,84.50,82.18,92.56,92.90,82.82,90.43,93.59,,82.77,81.96,
December 1997,86.56,79.91,78.09,76.50,80.04,89.97,90.33,90.09,87.19,89.38,79.28,84.75,82.59,92.64,93.20,83.27,90.67,93.94,,83.67,82.59,
January 1998,86.92,81.03,78.98,77.20,80.65,90.11,90.73,90.77,87.62,90.19,79.90,85.18,82.87,92.68,93.24,83.73,91.25,94.09,,84.48,83.26,
February 1998,87.43,82.19,79.89,77.68,81.01,90.22,91.06,91.08,87.99,90.53,80.57,85.74,83.51,92.94,93.59,84.41,91.62,94.13,,85.65,83.97,
March 1998,87.69,83.65,81.01,78.31,81.24,90.35,91.14,91.39,88.61,90.71,81.18,86.28,83.70,93.00,94.78,84.94,91.85,94.55,,86.30,84.62,
April 1998,88.13,84.40,82.08,79.13,81.76,90.55,91.23,91.49,89.16,90.68,81.95,86.95,84.30,93.16,94.77,85.42,92.09,94.97,,87.00,85.19,
May 1998,88.59,85.40,83.09,80.22,82.42,90.84,91.44,91.60,89.74,90.99,82.79,87.59,84.83,93.60,94.54,85.99,92.42,95.34,,87.58,85.86,
June 1998,89.25,86.45,84.05,81.39,83.08,91.30,92.03,91.88,90.16,91.56,83.68,88.06,85.35,94.01,94.23,86.48,93.08,95.70,,88.38,86.63,
July 1998,89.90,87.85,85.15,82.38,83.74,91.55,92.65,92.42,90.44,91.81,84.49,88.47,85.86,94.30,94.30,87.16,93.32,96.03,,89.16,87.43,
August 1998,90.23,88.93,86.18,83.52,84.55,91.78,92.91,92.67,90.76,92.15,85.28,89.01,86.37,94.62,94.41,87.67,93.55,96.43,,89.77,88.14,
September 1998,90.62,90.08,87.13,84.44,85.25,91.97,93.07,93.23,91.08,92.27,86.20,89.45,86.77,94.90,94.79,88.23,93.75,96.77,,90.48,88.85,
October 1998,90.94,90.77,87.71,84.97,86.05,92.40,93.14,93.27,91.86,92.52,86.58,89.98,87.41,95.40,94.88,88.74,94.05,97.09,,91.14,89.35,
November 1998,91.55,91.29,88.21,85.16,86.80,93.01,93.38,93.81,92.50,92.11,86.88,90.63,88.29,95.63,95.29,89.26,94.55,97.54,,91.82,89.73,
December 1998,92.20,91.78,88.90,85.40,87.43,93.51,93.57,93.79,93.07,92.66,87.79,91.50,89.04,96.03,95.63,89.56,94.91,98.08,,92.13,90.14,
January 1999,92.75,92.14,90.11,86.23,88.49,94.19,93.94,94.09,93.58,92.95,89.24,92.43,89.91,96.36,96.25,89.86,95.44,98.74,,92.71,90.71,
February 1999,93.33,92.72,91.13,87.22,89.46,94.43,94.43,94.46,94.08,93.50,90.56,93.06,90.57,96.67,96.79,90.51,95.79,99.24,,93.10,91.44,
March 1999,94.02,93.38,91.99,88.29,90.86,94.93,95.12,94.86,94.83,93.64,91.29,93.48,91.28,97.36,96.70,91.29,96.43,98.75,,93.88,92.13,
April 1999,94.73,94.38,92.49,89.09,91.69,95.52,95.85,95.47,95.13,94.67,92.15,93.63,92.29,98.08,96.86,92.28,96.88,98.82,,94.69,93.05,
May 1999,95.12,95.23,93.09,89.97,92.55,95.86,96.18,96.14,95.78,95.44,93.00,94.22,92.93,98.45,97.34,93.00,97.20,99.11,,95.43,93.75,
June 1999,95.59,96.03,94.06,91.28,93.39,96.59,96.08,96.56,96.25,96.31,93.80,94.89,93.72,98.79,97.95,94.04,97.28,99.60,,96.33,94.65,
July 1999,96.13,96.65,94.95,92.89,94.38,97.29,96.79,97.09,96.91,96.63,95.08,95.86,94.47,99.01,98.22,94.94,97.42,99.86,,96.76,95.50,
August 1999,96.88,97.17,95.88,94.28,95.56,98.01,97.28,97.45,97.32,97.18,96.08,96.59,95.64,99.24,98.18,96.02,97.92,100.14,,97.46,96.38,
September 1999,97.62,97.68,96.96,95.60,96.96,98.60,97.89,97.99,97.78,97.75,97.20,97.41,96.99,99.52,98.58,96.79,98.30,100.34,,98.20,97.20,
October 1999,98.29,98.33,98.02,96.76,98.04,98.99,97.95,98.67,98.49,98.66,98.21,98.01,98.06,99.46,98.99,97.59,98.89,100.67,,99.21,97.98,
November 1999,98.96,99.24,99.07,98.51,98.85,99.46,98.56,98.97,99.08,99.40,99.27,98.67,98.86,99.55,99.54,98.40,99.61,100.48,,100.05,98.89,
December 1999,99.64,100.33,100.07,100.03,99.67,100.09,99.32,99.69,99.92,100.14,100.36,99.48,99.62,100.20,99.85,99.35,100.05,100.53,,100.53,99.87,
January 2000,100.41,101.03,101.10,101.45,100.66,100.87,99.94,100.08,100.37,100.56,100.92,100.15,100.19,100.66,100.40,100.34,100.53,100.59,100.71,101.08,100.75,100.59
February 2000,100.94,102.04,102.41,104.17,101.65,101.70,100.47,100.79,101.30,101.38,101.89,100.87,100.97,101.09,100.90,101.24,100.51,101.25,103.03,101.66,101.89,101.69
March 2000,101.72,103.22,104.09,107.34,102.73,102.89,101.09,101.44,101.76,102.48,102.65,101.37,101.63,101.14,101.44,102.06,101.17,101.55,102.71,102.94,103.15,102.78
April 2000,102.27,104.16,105.71,110.63,103.54,103.95,102.01,102.31,102.69,103.42,104.35,101.76,102.97,102.28,101.59,103.13,101.74,102.18,103.28,103.48,104.53,104.00
May 2000,102.99,104.92,107.13,113.80,105.30,104.92,102.75,103.39,103.26,104.39,106.01,102.58,104.41,102.24,102.05,104.92,102.16,102.08,103.72,104.22,106.01,105.25
June 2000,103.70,105.69,108.97,116.82,106.91,105.72,103.40,104.23,104.13,105.50,107.93,103.28,105.61,102.69,102.28,106.07,102.04,102.19,103.62,104.43,107.34,106.40
July 2000,104.08,106.32,110.32,117.86,108.30,106.71,103.69,105.03,104.31,106.02,108.92,103.99,106.39,102.25,102.67,107.02,101.93,102.40,104.05,104.94,108.17,107.13
August 2000,104.50,106.97,111.67,119.05,109.30,107.79,104.36,105.42,104.69,106.42,110.13,104.23,107.36,102.53,103.22,108.02,102.19,102.65,104.36,105.22,109.07,107.86
September 2000,104.97,107.89,112.66,120.41,110.55,109.00,105.11,105.91,104.77,106.70,111.37,104.65,108.47,102.52,103.89,108.82,102.52,102.81,105.08,105.63,110.03,108.61
October 2000,105.33,108.81,113.47,123.25,111.73,109.87,106.09,106.51,105.41,106.97,112.97,105.06,109.63,102.86,104.68,109.79,103.20,103.03,105.51,105.82,111.17,109.49
November 2000,105.80,109.98,115.26,126.44,113.10,111.09,107.42,108.19,106.03,107.46,114.77,106.10,111.16,103.17,105.04,110.64,103.56,103.34,106.28,106.40,112.50,110.57
December 2000,106.01,110.72,116.96,130.06,114.54,112.40,108.66,109.81,106.57,108.14,116.95,106.68,111.73,103.01,105.52,111.84,104.22,104.11,106.57,107.29,113.93,111.80
January 2001,106.40,112.03,118.90,133.04,115.51,113.79,110.24,110.90,107.06,108.92,118.84,107.33,113.35,103.54,105.77,112.94,104.54,104.60,107.24,107.77,115.43,113.05
February 2001,106.88,112.90,120.14,135.07,116.88,115.39,111.07,111.70,107.44,109.48,120.41,107.49,114.50,103.85,106.17,114.25,104.85,104.86,108.37,107.91,116.69,114.13
March 2001,107.46,114.18,122.32,134.94,117.24,116.84,112.27,112.40,107.91,110.47,121.56,108.04,116.39,104.00,106.99,115.31,104.97,105.09,109.08,108.14,117.72,115.09
April 2001,108.08,114.64,123.36,133.86,118.52,118.63,113.53,113.46,108.34,111.29,122.74,108.39,117.27,103.88,107.95,116.37,104.78,105.42,109.90,109.03,118.50,115.84
May 2001,108.71,115.26,124.28,132.66,119.25,119.26,114.77,113.76,108.64,112.09,123.18,108.85,118.28,104.22,108.74,116.98,105.25,105.96,110.06,109.24,118.95,116.30
June 2001,109.02,115.74,124.51,130.83,119.97,120.25,115.90,115.20,109.30,113.21,124.44,109.14,119.68,104.32,109.51,118.08,105.68,106.59,110.48,109.74,119.50,116.90
July 2001,109.51,116.38,125.28,129.28,120.39,121.08,117.13,116.16,109.67,114.20,125.60,109.66,121.26,104.84,110.30,119.23,106.48,107.34,110.42,109.99,120.10,117.50
August 2001,109.86,117.36,125.87,128.33,120.96,122.09,118.29,117.85,110.18,115.24,126.94,110.41,122.12,104.63,110.97,120.59,106.98,108.02,110.63,110.55,120.96,118.25
September 2001,110.28,118.34,126.98,128.18,121.51,123.10,119.52,118.13,110.66,116.08,128.15,110.86,123.20,104.74,111.70,121.98,107.27,108.34,110.52,111.21,121.95,119.03
October 2001,110.75,119.32,128.15,128.21,121.70,124.13,121.09,118.88,111.04,116.50,129.13,111.11,124.10,104.53,112.08,123.09,107.01,108.54,111.20,111.60,122.81,119.69
November 2001,111.10,120.30,129.37,127.68,121.64,125.05,122.72,119.55,111.17,116.79,130.18,110.94,125.28,104.50,112.97,124.40,106.77,108.44,111.45,112.04,123.62,120.27
December 2001,111.65,121.29,129.99,126.84,121.63,126.18,123.76,119.89,111.29,117.08,130.51,111.26,125.97,104.61,113.52,124.58,106.37,108.41,111.99,112.07,124.02,120.67
January 2002,112.16,122.71,130.32,126.84,122.10,127.25,124.49,120.40,111.66,117.49,131.35,111.47,126.42,104.79,114.45,125.38,106.87,108.93,112.54,112.84,124.83,121.36
February 2002,112.79,123.99,131.73,127.61,122.39,128.82,125.42,120.70,112.29,118.07,131.77,112.13,126.98,105.23,115.00,126.10,107.42,109.53,112.75,113.26,125.76,122.19
March 2002,113.21,125.46,133.19,129.56,123.10,130.14,126.65,122.95,112.78,118.91,132.97,112.33,128.13,105.61,115.41,127.31,107.97,111.12,113.24,113.57,127.03,123.32
April 2002,113.68,126.85,135.65,132.11,123.33,131.63,128.10,123.71,112.75,119.63,134.53,112.32,129.00,106.16,115.40,128.70,108.36,111.06,113.37,113.52,128.54,124.51
May 2002,114.20,128.69,138.13,134.75,124.01,133.29,129.80,124.94,112.93,120.33,136.68,112.81,130.22,106.14,115.87,130.48,108.59,111.53,113.47,113.73,130.34,125.92
June 2002,114.68,130.78,140.54,137.57,124.25,134.84,131.57,125.60,113.25,121.04,138.77,113.38,131.20,106.21,116.34,132.50,109.15,111.30,113.19,114.05,132.22,127.39
July 2002,115.00,132.86,142.87,139.38,124.68,137.00,133.48,126.85,113.66,121.85,140.54,114.04,132.29,106.16,116.83,134.86,109.46,112.28,113.18,114.46,134.10,128.88
August 2002,115.29,135.09,145.70,141.11,124.61,138.96,134.90,127.76,114.02,122.60,142.31,114.55,133.28,106.74,117.27,137.02,109.49,112.02,113.56,114.76,135.97,130.31
September 2002,115.54,137.24,148.04,141.85,124.67,140.80,136.58,128.57,114.16,123.47,144.20,114.80,133.90,107.07,117.81,138.81,109.41,112.21,113.74,115.05,137.61,131.53
October 2002,115.81,139.72,150.59,142.82,125.00,142.45,138.26,129.20,114.58,124.33,145.85,114.89,135.26,107.31,119.16,140.80,109.58,112.34,113.86,115.44,139.37,132.85
November 2002,116.24,141.82,153.07,143.63,125.56,143.87,139.85,130.26,114.92,125.30,147.41,115.54,136.13,107.34,120.60,142.84,109.77,113.01,113.86,115.91,141.00,134.10
December 2002,116.70,143.98,155.19,143.82,125.71,145.59,141.70,131.83,115.25,126.35,147.86,115.62,137.91,107.72,122.00,144.92,110.23,113.81,114.19,116.63,142.56,135.40
January 2003,117.71,145.75,157.29,143.73,125.62,146.68,143.76,133.27,115.65,127.20,148.52,115.71,138.86,108.38,122.92,146.64,110.88,114.62,114.71,116.85,143.86,136.47
February 2003,118.61,147.30,158.49,143.85,125.60,147.92,145.86,134.66,115.97,128.16,149.69,115.31,140.04,108.71,123.74,147.94,111.70,115.40,114.82,117.48,145.04,137.45
March 2003,119.57,148.88,159.70,143.95,126.11,148.71,147.39,135.51,116.76,129.74,150.97,116.15,140.57,108.44,124.34,149.20,112.05,115.97,113.96,117.98,146.13,138.38
April 2003,119.90,150.48,161.10,144.30,125.92,149.94,148.70,136.64,116.57,129.77,151.64,117.11,141.53,108.00,125.29,150.35,112.60,116.40,113.58,118.47,147.15,139.25
May 2003,120.29,152.29,162.58,144.37,125.78,151.37,149.81,138.11,116.85,130.51,151.88,118.10,142.25,107.72,125.97,151.48,112.98,116.93,113.63,118.89,148.19,140.15
June 2003,120.67,154.07,164.20,144.84,125.08,153.00,150.72,138.67,116.82,131.01,152.38,117.85,142.59,108.04,126.95,152.24,113.36,117.67,114.16,119.36,149.13,140.92
July 2003,121.29,157.02,166.36,146.18,125.17,154.72,152.78,139.35,117.04,131.69,152.89,117.81,143.80,108.15,128.36,153.30,113.79,118.32,114.35,119.97,150.64,142.12
August 2003,122.10,160.11,169.43,147.80,125.60,156.80,155.05,139.70,117.32,132.15,153.57,117.84,144.78,108.67,130.43,154.54,114.42,118.88,114.36,121.02,152.48,143.55
September 2003,123.04,163.59,173.16,149.65,125.83,159.26,157.04,141.86,117.72,133.27,154.61,118.14,145.89,108.62,132.70,156.32,115.09,119.46,114.39,121.71,154.66,145.26
October 2003,123.90,167.06,177.15,151.55,126.30,161.70,159.08,143.29,117.99,134.42,155.90,118.81,146.97,109.96,135.70,157.98,115.73,120.34,114.50,122.84,156.81,146.99
November 2003,124.97,170.75,181.16,153.73,126.80,164.16,160.76,144.88,118.45,135.64,157.68,119.13,148.04,110.61,138.79,160.02,116.16,121.41,114.63,123.52,159.16,148.82
December 2003,126.23,174.78,185.03,155.98,127.27,166.52,162.59,145.23,118.69,137.02,159.30,119.46,148.75,111.20,143.06,161.90,116.37,122.39,114.42,124.83,161.64,150.76
January 2004,127.29,178.77,188.62,157.83,128.08,169.53,164.81,148.00,119.30,137.99,160.56,119.79,149.99,110.50,147.24,163.64,116.45,123.14,114.93,125.58,164.00,152.62
February 2004,128.40,182.91,192.66,159.95,128.64,171.76,167.03,149.51,119.58,138.71,161.98,119.99,151.25,110.67,151.62,165.45,116.85,123.93,115.36,126.58,166.41,154.53
March 2004,129.64,188.78,199.06,162.20,129.25,174.66,170.31,152.67,120.20,139.90,163.26,120.87,152.79,111.29,159.84,167.43,117.10,124.13,114.50,127.49,169.46,156.92
April 2004,130.94,194.50,204.92,164.54,129.29,177.85,173.11,153.24,120.83,140.16,165.53,121.34,154.48,112.10,167.51,169.15,118.02,125.69,114.71,128.60,172.50,159.37
May 2004,132.47,199.74,211.08,166.80,129.32,182.00,176.67,155.36,120.94,141.44,166.18,122.16,154.93,112.52,175.43,171.13,117.88,126.63,115.15,129.89,175.53,161.75
June 2004,133.93,205.29,216.72,169.84,129.85,186.73,179.84,157.84,120.90,142.30,167.52,121.84,156.23,112.62,185.02,173.34,117.92,127.52,115.51,131.10,178.83,164.31
July 2004,135.81,209.31,221.87,172.11,129.97,189.91,183.32,159.95,121.29,143.23,168.15,121.61,156.54,112.74,193.61,175.65,117.92,128.46,115.77,132.27,181.52,166.39
August 2004,137.58,211.16,225.12,174.54,130.35,193.07,186.70,162.57,121.73,143.80,169.29,121.62,157.31,112.52,199.40,177.42,118.08,129.64,115.91,133.13,183.62,168.07
September 2004,140.56,212.72,228.00,177.07,130.50,196.12,190.32,165.07,122.25,145.16,170.16,121.82,157.32,112.61,203.02,179.05,118.53,131.17,115.94,134.25,185.51,169.65
October 2004,143.79,213.87,230.26,180.04,131.27,199.56,193.55,167.96,122.66,146.15,172.04,122.14,158.18,113.05,205.27,181.13,118.64,132.73,116.22,135.25,187.44,171.30
November 2004,147.69,216.01,231.83,183.26,131.87,203.15,197.07,170.59,123.24,147.24,173.05,122.47,158.86,113.81,206.85,182.94,119.32,134.10,116.46,137.29,189.48,173.08
December 2004,152.12,218.11,234.26,187.09,132.76,206.97,200.85,173.57,123.95,148.55,174.32,122.73,159.67,114.75,208.14,184.61,119.75,135.21,117.03,139.11,191.75,175.08
January 2005,156.32,221.44,236.70,191.58,133.40,210.79,205.31,177.23,124.64,150.01,175.73,123.28,161.39,115.13,209.16,187.18,121.12,136.78,117.56,141.62,194.58,177.54
February 2005,161.65,225.20,239.02,195.99,134.35,215.13,210.01,180.83,125.45,151.76,177.92,123.95,162.66,115.61,211.66,189.80,121.89,138.28,118.26,143.02,197.76,180.24
March 2005,167.82,229.74,239.92,200.45,134.66,221.01,215.94,185.28,126.22,154.25,179.47,124.61,163.75,115.45,213.67,193.11,121.63,140.13,118.94,145.27,201.24,183.19
April 2005,174.66,233.45,241.30,202.33,135.09,225.77,222.35,188.47,126.97,154.58,180.50,125.47,165.12,115.48,216.19,195.13,121.88,142.12,119.03,146.78,203.85,185.52
May 2005,181.15,237.12,242.33,204.82,135.13,229.72,227.79,192.02,127.30,155.24,180.72,126.50,165.16,116.03,218.00,196.70,121.91,144.49,119.28,148.79,206.08,187.55
June 2005,188.97,240.62,243.66,207.20,134.94,233.77,233.96,196.82,127.83,156.07,180.09,125.92,165.42,116.99,219.50,198.18,121.62,147.58,119.01,150.81,208.22,189.54
July 2005,196.18,244.30,244.52,209.37,134.99,236.81,239.24,201.12,127.78,156.63,180.02,125.28,165.21,117.70,220.47,199.80,121.45,150.43,119.38,152.85,210.27,191.39
August 2005,203.03,248.31,245.50,210.72,135.23,239.06,244.95,206.36,127.94,156.52,179.71,124.70,165.33,118.52,222.03,201.76,121.43,153.43,119.56,155.13,212.46,193.38
September 2005,209.54,252.86,245.96,212.82,135.89,241.39,250.57,211.68,127.97,157.98,180.16,124.69,165.62,118.61,223.78,203.99,121.66,156.48,120.34,157.56,214.97,195.62
October 2005,213.58,257.74,247.70,214.14,136.61,243.80,255.88,217.90,128.77,159.17,180.00,125.17,166.91,119.93,225.58,206.69,122.00,159.09,120.92,159.84,217.45,197.88
November 2005,217.36,261.62,249.60,215.44,137.22,246.20,259.90,222.58,129.75,161.35,180.80,125.73,168.26,120.35,227.88,209.34,122.49,161.77,122.10,162.47,219.93,200.14
December 2005,220.10,265.35,249.80,216.36,137.93,248.41,263.85,226.00,130.70,162.56,180.43,126.38,169.31,121.54,229.80,212.07,122.83,164.21,122.83,164.82,222.16,202.16
January 2006,222.96,268.13,250.55,217.32,138.81,250.24,267.92,229.44,131.70,164.42,180.58,126.90,170.09,121.01,232.26,213.50,123.35,167.10,123.44,167.39,223.82,203.75
February 2006,225.25,271.21,251.37,218.74,139.25,251.94,271.96,232.27,132.32,165.85,179.52,127.31,171.42,122.11,234.36,215.05,123.27,169.67,123.47,169.40,225.60,205.34
March 2006,226.58,272.07,251.71,219.23,139.35,252.82,275.03,236.03,132.65,168.11,180.05,127.59,172.22,122.81,235.24,215.59,122.97,172.48,123.48,171.72,226.39,206.13
April 2006,227.85,273.10,251.35,218.88,138.83,252.29,278.13,237.99,132.91,167.57,179.36,125.92,173.83,124.17,235.76,216.30,122.36,174.07,123.22,173.11,226.93,206.67
May 2006,228.16,272.99,249.68,218.07,138.75,251.18,280.16,239.06,133.05,167.67,178.34,125.32,172.84,124.59,235.43,216.57,121.87,175.39,123.10,174.73,226.67,206.54
June 2006,227.61,272.33,247.93,216.57,138.45,249.33,279.23,238.04,133.14,167.22,176.52,123.85,171.48,125.30,233.80,216.18,121.96,176.73,123.26,176.59,225.68,205.82
July 2006,226.15,271.54,246.01,215.11,138.38,247.14,278.52,237.00,133.20,166.62,175.63,122.66,169.30,126.34,233.10,215.07,121.88,177.78,123.56,178.34,224.57,204.97
August 2006,224.53,270.68,244.12,214.34,137.79,244.55,276.08,235.36,133.13,166.08,174.95,121.65,168.40,127.05,232.44,213.48,121.23,178.92,123.72,179.84,223.49,204.15
September 2006,222.86,270.47,243.38,213.75,137.59,241.74,276.21,234.11,133.09,166.52,173.88,120.71,167.41,127.82,231.89,212.99,120.51,179.54,123.65,181.08,222.85,203.61
October 2006,221.58,270.99,242.07,213.39,137.35,241.83,277.48,232.37,133.61,166.56,173.71,120.42,167.45,128.06,231.29,213.07,120.16,179.90,123.67,182.09,222.77,203.55
November 2006,220.90,271.79,241.47,213.11,137.30,241.49,278.68,231.29,134.08,166.57,171.88,119.89,167.35,129.09,231.36,213.19,119.95,180.37,123.80,183.36,222.85,203.62
December 2006,220.53,270.19,239.25,213.06,137.66,241.36,279.46,230.06,134.62,166.79,171.27,118.68,167.62,129.76,231.57,213.25,119.73,180.36,124.48,184.70,222.50,203.42
January 2007,221.29,270.63,240.11,214.50,137.62,241.31,278.82,229.60,134.94,168.22,170.51,118.16,168.69,130.74,231.89,212.87,120.09,181.88,124.49,186.32,222.63,203.68
February 2007,220.87,270.07,238.90,214.59,137.35,241.68,279.66,230.32,135.53,169.39,171.20,117.87,169.49,131.27,231.72,213.27,120.24,183.04,125.20,187.75,222.89,204.00
March 2007,220.38,268.71,236.68,215.24,137.03,241.43,278.55,229.69,135.80,171.01,171.86,118.19,169.96,132.10,231.24,214.10,120.43,184.98,125.48,189.48,222.74,203.90
April 2007,218.32,266.50,234.70,213.67,136.59,238.58,276.10,226.79,136.06,168.69,171.70,116.56,170.04,132.96,228.71,213.26,119.28,185.44,125.69,190.02,221.43,202.91
May 2007,215.82,264.37,232.42,210.92,136.81,235.87,271.64,223.24,135.43,167.34,170.96,113.97,167.55,133.23,226.11,211.82,118.48,185.44,125.26,190.65,219.36,201.11
June 2007,212.81,261.53,229.94,208.07,136.84,232.51,266.20,219.62,135.05,166.14,169.76,111.57,164.91,133.67,222.36,209.71,117.19,184.66,124.99,190.52,216.83,198.89
July 2007,209.52,258.59,226.67,205.80,137.01,229.48,260.26,215.63,134.21,164.80,169.28,111.15,162.91,133.69,219.22,207.94,116.79,184.29,124.16,190.34,214.52,196.95
August 2007,206.34,255.03,223.57,204.60,136.78,226.62,254.07,210.97,133.68,163.26,168.06,109.86,161.29,133.89,214.97,205.81,115.80,183.55,123.99,189.72,212.24,194.99
September 2007,202.91,251.35,219.79,203.35,136.14,225.94,248.30,207.45,133.13,161.54,168.11,108.66,159.79,133.71,211.08,204.97,115.47,183.33,123.71,189.24,210.16,193.18
October 2007,197.79,246.97,215.35,199.66,134.69,225.45,242.91,204.68,132.59,160.44,167.37,106.67,158.43,133.48,206.27,204.05,114.62,183.21,123.44,187.82,207.66,190.97
November 2007,192.15,239.04,209.10,194.43,132.98,222.89,236.18,201.93,131.34,159.66,166.87,104.22,156.35,132.85,200.59,203.33,112.84,182.54,122.36,186.31,204.07,187.82
December 2007,186.61,232.89,203.37,189.80,131.62,219.04,230.20,199.38,130.34,159.05,165.45,102.44,154.39,132.89,195.67,201.67,112.27,182.44,121.73,185.63,200.65,184.97
January 2008,180.87,225.84,199.86,186.46,130.96,215.45,224.81,195.61,129.59,157.39,164.64,100.32,151.99,133.17,186.74,200.68,110.09,180.99,120.56,184.34,197.27,181.99
February 2008,175.09,217.64,193.16,178.29,130.21,211.50,218.98,190.59,128.55,155.81,163.37,98.59,148.93,133.43,178.50,199.31,109.52,179.56,120.36,182.98,192.99,178.42
March 2008,170.06,210.54,188.15,172.55,130.48,207.65,210.75,185.36,127.36,154.55,162.26,97.44,146.96,133.29,171.19,198.62,109.44,177.94,121.56,181.76,189.14,175.06
April 2008,164.19,205.25,182.27,166.98,130.27,203.81,203.02,181.11,125.51,153.85,161.07,96.17,144.99,132.93,167.32,196.61,111.35,177.00,121.56,180.89,185.99,172.51
May 2008,158.92,199.63,178.59,162.85,130.20,200.00,195.19,178.36,124.66,152.07,160.65,94.61,143.63,132.93,162.31,195.77,109.02,175.75,121.36,178.67,182.72,169.71
June 2008,153.47,195.41,174.41,158.73,130.20,196.35,190.99,175.25,123.39,150.26,160.63,93.47,142.04,131.96,159.47,194.87,108.38,173.94,120.82,176.88,180.09,167.29
July 2008,148.14,190.83,169.86,154.38,130.28,192.97,186.46,173.38,122.12,147.83,159.78,92.44,141.00,131.20,154.45,192.98,107.28,171.89,120.83,174.49,176.92,164.60
August 2008,142.97,186.86,165.71,148.26,129.51,190.67,182.15,172.11,121.28,146.62,159.61,90.59,138.42,130.01,149.82,191.56,107.72,169.37,120.51,172.75,174.35,162.26
September 2008,138.05,181.88,161.86,142.99,128.61,186.86,177.43,168.66,120.21,144.44,158.30,87.98,136.30,128.93,145.36,189.94,107.99,167.46,120.27,170.40,170.86,159.18
October 2008,133.09,177.99,157.89,137.51,127.57,182.84,172.24,163.88,118.64,142.49,157.36,84.69,132.39,127.51,141.03,187.97,107.52,164.67,119.56,168.41,167.78,156.26
November 2008,128.83,174.70,155.11,134.38,127.25,179.36,168.12,159.62,116.65,139.47,154.68,82.53,130.34,125.78,136.93,185.53,106.97,161.59,118.27,165.30,164.91,153.51
December 2008,123.08,171.14,152.79,130.38,126.48,176.01,163.77,155.47,113.80,136.30,153.82,80.19,125.08,123.33,130.88,183.20,105.52,158.32,116.50,160.82,162.02,150.51
January 2009,117.57,167.46,150.05,126.43,124.50,173.85,158.46,150.21,111.29,131.87,152.49,77.56,121.33,122.44,125.87,181.31,104.66,155.74,114.73,156.95,158.94,147.45
February 2009,113.58,165.36,149.11,123.29,123.10,171.21,154.52,147.21,109.15,129.09,151.66,75.35,119.28,121.18,121.85,179.05,100.42,153.90,114.89,154.97,156.82,145.39
March 2009,109.09,163.69,146.72,121.15,123.57,169.86,150.49,144.32,107.84,126.38,149.78,72.63,113.78,121.06,117.80,175.88,99.94,151.00,114.99,152.38,154.25,142.67
April 2009,106.49,161.79,145.88,120.52,123.89,169.73,148.16,142.79,107.19,125.79,149.02,72.14,113.79,119.81,113.55,172.68,99.80,148.87,115.50,150.66,153.00,141.69
May 2009,104.69,160.16,145.55,120.31,124.18,170.37,146.35,141.42,106.22,125.96,149.31,71.69,112.97,119.57,110.49,172.80,102.26,147.14,116.25,148.94,152.35,141.08
June 2009,104.95,160.71,146.58,123.75,125.30,172.10,146.33,140.87,106.35,125.00,150.95,70.07,114.06,119.12,107.89,172.37,104.90,147.50,117.91,148.28,152.97,141.50
July 2009,105.94,162.44,148.87,126.53,126.32,173.98,146.72,141.15,107.36,126.41,151.57,69.53,116.86,119.32,106.11,173.00,105.60,147.89,118.67,147.55,154.18,142.58
August 2009,107.00,164.50,150.93,129.32,126.82,175.98,147.49,141.20,108.16,127.69,152.56,69.88,119.12,118.73,105.09,172.82,104.35,148.02,118.81,147.24,155.62,143.67
September 2009,107.83,165.54,152.64,131.6,127.05,177.39,148.33,140.20,108.82,128.48,152.89,70.79,120.84,118.44,103.82,172.93,103.87,147.73,118.76,146.72,156.19,144.14
October 2009,108.95,166.75,154.16,133.78,127.35,177.94,148.02,138.79,109.12,127.61,152.98,71.55,121.22,118.55,103.43,172.63,103.81,148.23,118.87,147.35,156.81,144.70
November 2009,110.40,168.49,155.70,135.64,127.85,178.22,147.64,138.61,109.69,127.54,153.79,71.57,121.73,118.81,103.30,171.75,104.29,149.41,120.05,147.58,157.30,145.20
December 2009,111.60,171.09,156.84,136.54,128.03,179.19,147.42,138.41,109.53,126.50,154.53,71.95,122.42,118.69,103.83,171.74,104.29,149.70,120.03,148.12,158.08,145.87
January 2010,112.11,173.86,158.82,138.08,127.98,179.39,147.82,139.26,109.05,126.25,154.65,71.91,123.63,118.62,103.80,171.90,105.22,149.19,119.58,147.68,158.90,146.47
February 2010,111.76,174.18,160.45,138.22,127.74,180.14,147.91,138.54,108.33,125.65,154.37,71.38,123.14,118.15,103.92,171.96,104.40,146.66,118.04,146.36,159.29,146.56
March 2010,111.87,173.64,162.62,141.16,128.82,179.91,148.17,139.47,106.68,123.79,155.89,69.54,122.16,116.39,103.69,171.79,106.86,147.04,118.68,147.23,159.29,146.20
April 2010,112.30,174.51,163.05,142.49,129.33,182.37,147.79,139.60,107.53,124.23,156.51,70.28,125.67,117.24,103.91,171.09,106.71,148.44,119.53,146.52,160.32,147.36
May 2010,112.29,175.81,163.67,142.34,128.62,183.73,148.28,139.45,108.04,124.42,156.71,70.07,126.53,116.17,103.39,172.25,106.00,148.15,119.72,146.79,160.76,147.73
June 2010,111.22,175.48,163.08,141.37,127.39,184.53,147.89,138.42,108.23,124.82,155.86,70.59,126.13,115.81,102.40,172.84,105.63,147.75,119.14,145.54,160.63,147.44
July 2010,109.54,174.56,162.66,140.41,126.18,184.29,147.15,136.40,107.00,123.95,155.54,70.37,123.77,115.14,101.05,173.89,104.79,146.07,118.06,145.05,160.20,146.91
August 2010,107.41,173.26,161.32,139.16,125.27,183.01,145.83,135.09,105.67,123.67,154.68,69.62,121.99,114.62,100.39,172.45,103.74,144.50,116.65,143.57,159.27,145.78
September 2010,105.71,172.72,160.24,138.74,124.95,182.61,144.12,134.14,103.97,120.92,153.44,68.47,119.12,114.02,100.26,172.35,101.92,142.35,115.63,142.85,158.18,144.58
October 2010,104.30,172.34,158.72,136.67,124.99,182.67,142.95,133.40,102.45,119.09,152.67,67.89,117.87,113.62,99.76,169.60,101.05,140.58,115.20,141.26,156.98,143.43
November 2010,103.36,172.00,159.70,136.3,124.57,182.84,142.40,132.54,101.37,117.91,152.65,67.27,116.64,113.60,99.67,168.68,99.59,139.04,115.04,140.57,156.50,142.83
December 2010,102.24,170.7,159.5,136.11,124.98,183.26,141.9,130.31,100.99,117.27,153.27,67.58,116.26,113.25,98.86,167.92,100.7,137.93,115.88,139.23,155.99,142.4
January 2011,101.79,170.72,158.91,135.96,125.14,183.46,140.81,130.13,102.31,116.91,153.72,67.68,114.54,112.74,99.1,166.53,101.08,137.57,116.3,137.91,155.4,141.93
February 2011,102.33,170.57,157.58,133.5,124.46,183.74,138.88,129.61,103.32,116.33,152.76,68.40,112.91,112.20,98.74,165.91,101.34,136.44,116.59,135.48,154.86,141.57
March 2011,102.49,170.74,156.19,134.22,124.01,182.23,139.33,129.63,103.26,114.48,151.9,67.09,110.4,110.47,98.22,164.94,100.46,135.93,115.67,136.36,153.99,140.48
April 2011,102.45,170.91,156.11,134.7,124.05,181.49,139.74,128.81,103.59,113.79,150,66.97,111.71,111.52,97.51,166.16,99.94,134.92,114.65,136.49,154.78,141.23
May 2011,101.59,170.18,155.33,134.57,124.29,181.81,140.52,128.15,102.92,114.44,151.71,67.4,111.89,111.64,96.61,166.9,99.37,134.68,114.01,136.52,154.69,141.13
June 2011,100.91,169.49,154.41,133.73,124.14,181.47,140.37,128.3,102.83,115.5,152.48,69.98,112.46,112.16,96.3,166.78,99.09,133.61,113.94,136.22,154.43,140.94
July 2011,99.83,168.36,152.96,132.51,123.46,182.3,140.35,127.68,101.53,115.56,152.42,71.78,112.83,111.71,95.66,168.38,99.08,133.68,114.18,135.64,154.26,140.91
August 2011,99.1,167.15,152.35,131.62,123.22,181.67,139.08,127.06,98.86,116.45,151.85,71.59,111.8,111.49,94.58,167.34,98.69,133.49,114.41,134.82,153.75,140.26
September 2011,98.86,165.46,151.67,130.55,123.24,182.35,138.3,125.11,93.78,114.66,151.57,71.88,111.38,111.5,92.95,167.85,98.86,134.27,114.66,133.51,152.78,139.31
October 2011,98.97,163.9,151.65,130.24,123.8,180.37,137.16,125.2,90.52,113.27,,71.35,110.94,111.2,91.27,165.39,98.69,133.95,114.53,132.46,151.65,138.29
November 2011,99.67,162.69,151.08,128.83,124.34,180.29,136.12,124.41,89.52,110.92,150.29,70.93,111.35,110.48,90.57,164.07,98.5,132.42,114.15,131.68,150.46,137.3
December 2011,101.05,161.86,150.92,128.83,124.52,179.31,136.54,124.81,88.15,109.78,149.28,69.13,111.31,110.61,90.12,162.5,98.38,132.47,114.4,131.49,149.63,136.65
January 2012,103.06,161.54,150.51,128,125.37,182.38,138.15,125.26,87.21,109.23,149.34,68.86,112.54,,90.08,161.83,97.74,131.66,114.91,132.49,149.43,136.6
