"SA1 Personal Income Summary: Personal Income, Population, Per Capita Personal Income"
"Per capita personal income (dollars) 2/" 
"Bureau of Economic Analysis" 
"State or DC"
"GeoFips","GeoName","1929","1930","1931","1932","1933","1934","1935","1936","1937","1938","1939","1940","1941","1942","1943","1944","1945","1946","1947","1948","1949","1950","1951","1952","1953","1954","1955","1956","1957","1958","1959","1960","1961","1962","1963","1964","1965","1966","1967","1968","1969","1970","1971","1972","1973","1974","1975","1976","1977","1978","1979","1980","1981","1982","1983","1984","1985","1986","1987","1988","1989","1990","1991","1992","1993","1994","1995","1996","1997","1998","1999","2000","2001","2002","2003","2004","2005","2006","2007","2008","2009","2010","2011","2012","2013","2014","2015"
"00000","United States",699,621,528,402,375,427,477,539,579,531,561,600,730,930,1133,1218,1261,1279,1341,1449,1407,1534,1705,1794,1872,1857,1954,2062,2141,2163,2262,2323,2386,2499,2589,2736,2919,3135,3328,3616,3930,4196,4468,4853,5352,5824,6312,6856,7494,8338,9212,10153,11262,11947,12652,13860,14719,15459,16265,17426,18653,19591,19985,21060,21698,22538,23568,24728,25950,27510,28627,30602,31540,31815,32692,34316,35904,38144,39821,41082,39376,40277,42453,44266,44438,46049,47669
"01000","Alabama",319,263,220,159,164,207,216,249,266,242,251,281,379,532,676,753,799,764,810,884,840,922,1074,1140,1198,1172,1311,1398,1467,1504,1561,1593,1625,1702,1790,1921,2056,2192,2318,2540,2827,3074,3337,3662,4073,4459,4901,5413,5890,6572,7234,7913,8744,9222,9855,10792,11565,12183,12823,13765,14965,15820,16506,17537,18082,18938,19866,20569,21480,22760,23516,24649,25569,26093,27045,28802,30202,31683,32911,33910,33027,34073,35202,36036,36176,37512,38965
"02000","Alaska","(NA)","(NA)","(NA)","(NA)","(NA)","(NA)","(NA)","(NA)","(NA)","(NA)","(NA)","(NA)","(NA)","(NA)","(NA)","(NA)","(NA)","(NA)","(NA)","(NA)","(NA)",2903,3405,3261,3176,2935,2895,3032,2909,3016,3139,3525,3347,3372,3508,3823,4003,4258,4523,4762,5288,5873,6222,6580,7452,8738,11099,12320,12649,12869,13555,15309,16863,19150,19181,19391,20230,19969,19340,20066,21820,22863,23149,23938,24753,25404,26041,26565,27812,28751,29442,31481,32870,33978,35268,36577,38521,40545,43388,47271,46192,47773,50552,52269,51259,54012,55940
"04000","Arizona",598,518,430,321,309,362,416,462,505,479,491,506,649,953,1045,1076,1149,1132,1199,1345,1332,1398,1668,1769,1769,1758,1823,1927,1973,1977,2062,2145,2194,2258,2297,2408,2511,2687,2867,3219,3633,4000,4328,4681,5110,5504,5757,6244,6789,7720,8674,9629,10718,11033,11799,12943,13838,14598,15195,15916,16699,17204,17573,18129,18800,19755,20594,21572,22680,24164,24987,26553,27220,27590,28446,30222,32429,34848,35929,36077,34063,34185,35675,36788,36723,37895,39060
"05000","Arkansas",302,224,207,152,153,182,204,243,253,228,246,257,344,491,572,698,753,760,740,883,820,852,972,1046,1088,1104,1206,1266,1285,1344,1442,1430,1540,1604,1680,1802,1904,2110,2235,2416,2681,2920,3181,3509,4072,4457,4780,5251,5739,6552,7091,7590,8572,9012,9536,10551,11208,11750,12157,13039,13969,14635,15288,16451,16986,17762,18579,19444,20149,21190,21856,22803,23873,24237,25462,26855,27915,29479,31180,32434,31629,31991,33961,36291,36529,37782,39107
"06000","California",993,889,753,584,549,605,665,777,802,780,791,856,1035,1324,1589,1616,1621,1707,1726,1806,1790,1937,2156,2293,2335,2313,2468,2586,2672,2695,2834,2920,2979,3101,3204,3377,3521,3772,3988,4320,4676,4966,5210,5653,6116,6722,7306,7955,8662,9656,10752,11926,13128,13732,14538,15864,16767,17573,18491,19606,20576,21494,21824,22644,22964,23535,24595,25885,27147,29133,30663,33391,34091,34306,35381,37244,39046,41693,43182,43786,41588,42411,44852,47614,48125,49985,52651
"08000","Colorado",630,574,472,356,353,371,445,541,534,508,519,548,655,916,1067,1086,1213,1232,1373,1477,1465,1569,1864,1953,1882,1857,1953,2050,2198,2246,2350,2432,2513,2573,2643,2748,2912,3099,3267,3514,3861,4248,4625,5014,5519,6072,6576,7108,7742,8702,9701,10887,12243,13060,13712,14795,15446,15912,16397,17342,18685,19611,20286,21377,22402,23420,24778,26090,27388,29734,31391,34234,35247,35002,35412,36676,38665,40709,42265,43631,41508,41877,44349,46402,46746,48869,50410
"09000","Connecticut",1029,926,806,627,590,661,715,815,869,779,847,930,1159,1439,1620,1622,1592,1602,1722,1740,1681,1916,2188,2331,2426,2385,2513,2727,2855,2669,2765,2856,2975,3105,3181,3330,3507,3792,4110,4324,4898,5160,5393,5799,6310,6871,7361,7940,8742,9714,10902,12353,13799,14851,15766,17565,18728,20027,21740,23794,25743,26418,26522,28558,29468,30176,31722,33143,35214,37555,39160,42209,43696,43405,44187,47105,49481,53363,56723,57776,55505,57347,59884,62738,62112,64864,66972
"10000","Delaware",1031,858,775,591,566,647,705,871,955,800,907,1037,1178,1311,1490,1528,1551,1579,1677,1684,1807,2087,2175,2268,2365,2341,2556,2810,2711,2742,2813,2901,2917,3043,3164,3326,3581,3703,3878,4158,4529,4736,5047,5460,5988,6441,6878,7445,7984,8713,9555,10806,11874,12727,13483,14709,15860,16622,17693,19021,20838,21511,22308,22920,23426,23973,24972,26310,27097,28948,30012,32109,33994,34875,35438,37263,38571,40735,41372,42319,41633,41783,43555,44747,44819,46378,47662
"11000","District of Columbia",1323,1314,1253,1107,945,963,1031,1143,1210,1141,1164,1220,1271,1474,1630,1670,1753,1827,1879,2126,2295,2431,2550,2693,2598,2617,2616,2831,2929,3017,3090,3110,3216,3415,3585,3803,4102,4310,4612,4922,4888,5469,6124,6710,7158,7904,8710,9407,10315,11180,12058,13090,14086,15087,15776,17208,18199,19010,20067,22274,23985,25731,27081,28764,30086,31091,31755,33536,35596,37988,39412,43223,45093,46121,47830,50945,53902,57730,61107,66220,62823,63741,67359,68973,68606,69838,71496
"12000","Florida",519,467,397,317,289,348,378,453,491,466,502,531,634,837,1057,1154,1215,1201,1197,1236,1243,1347,1439,1536,1634,1625,1739,1866,1911,1961,2081,2094,2118,2196,2289,2441,2595,2781,3010,3360,3789,4160,4464,4891,5398,5790,6160,6594,7221,8122,8993,10181,11364,11963,12953,14036,15007,15790,16620,17772,19319,19956,20217,20986,21847,22504,23686,24667,25551,27048,27900,29597,30574,31032,31927,34042,36294,38812,39945,40018,37479,38718,40538,41249,41309,42737,44101
"13000","Georgia",343,303,254,197,202,241,267,300,312,288,308,338,432,592,749,852,899,859,896,1000,986,1091,1245,1326,1374,1356,1481,1558,1587,1639,1718,1756,1806,1907,2031,2156,2339,2552,2754,2990,3284,3533,3815,4194,4641,5002,5338,5852,6362,7118,7812,8554,9534,10177,11016,12251,13147,14058,14827,15886,16872,17741,18205,19262,19986,21001,22136,23368,24289,26033,27119,28693,29594,29868,30473,31527,32997,34420,35606,35895,34396,34487,36588,37254,37596,38980,40551
"15000","Hawaii","(NA)","(NA)","(NA)","(NA)","(NA)","(NA)","(NA)","(NA)","(NA)","(NA)","(NA)","(NA)","(NA)","(NA)","(NA)","(NA)","(NA)","(NA)","(NA)","(NA)","(NA)",1585,1846,2066,2127,2126,2122,2149,2180,2143,2310,2531,2673,2756,2953,3130,3418,3678,3916,4335,4908,5544,5798,6177,6645,7418,7926,8364,8818,9650,10579,11843,12667,13159,14239,15034,15825,16608,17439,18949,20890,22390,23194,24533,25129,25365,25715,25575,26239,26560,27475,28931,29648,30693,31850,33830,35669,37883,40024,41643,41093,41594,42938,44504,44314,46034,47753
"16000","Idaho",499,488,366,268,228,389,394,466,421,421,431,458,593,919,1040,1110,1144,1204,1273,1343,1287,1340,1518,1676,1576,1593,1629,1768,1832,1857,1933,1939,2015,2131,2208,2292,2593,2617,2786,2945,3352,3649,3872,4280,4832,5499,5743,6248,6623,7396,7924,8773,9532,9822,10554,11186,11704,12020,12681,13722,15008,15962,16311,17429,18477,19141,20008,20827,21300,22684,23726,25258,26075,26425,27031,28813,29815,31945,32952,32854,31392,32050,33544,34846,35641,36734,37509
"17000","Illinois",950,810,673,489,440,508,576,654,734,652,710,758,900,1048,1278,1405,1488,1551,1652,1824,1698,1850,2050,2115,2235,2205,2301,2487,2557,2525,2652,2711,2805,2916,2996,3148,3378,3614,3804,4058,4400,4642,4948,5343,5953,6503,7082,7650,8376,9222,10126,10955,12129,12858,13435,14790,15578,16408,17353,18699,19876,21020,21262,22792,23351,24385,25684,27109,28423,29880,30860,32946,33755,34071,34627,36126,37692,40219,42360,43620,41529,42154,44303,46067,46477,47643,49471
"18000","Indiana",604,512,435,308,294,357,419,481,546,472,518,552,726,918,1150,1208,1264,1212,1316,1453,1361,1529,1724,1791,1959,1816,1916,2019,2054,2030,2146,2227,2268,2424,2513,2644,2883,3064,3175,3419,3733,3835,4134,4484,5112,5447,5878,6507,7159,7928,8692,9321,10242,10618,11166,12380,13065,13792,14591,15558,16859,17685,18005,19311,20137,21201,21940,22972,23968,25688,26555,28122,28652,28850,29433,30693,31272,32884,33868,35047,33588,34390,36357,37987,38291,39578,40998
"19000","Iowa",570,500,396,293,252,271,418,391,513,450,468,494,603,828,1023,1004,1095,1238,1212,1621,1361,1538,1647,1742,1676,1813,1693,1781,1967,2016,2050,2082,2205,2304,2453,2571,2855,3088,3112,3340,3712,3933,4091,4568,5472,5668,6323,6658,7317,8425,9030,9606,10890,11287,11608,12944,13541,14189,14986,15443,16795,17644,17945,19130,19083,20698,21440,23266,24253,25324,25868,27561,28367,29099,29698,32148,32869,34575,36815,39339,38123,38687,42058,43458,43735,44937,44971
"20000","Kansas",526,460,394,267,251,288,360,387,427,383,382,425,556,860,1062,1182,1179,1142,1304,1351,1315,1483,1624,1866,1781,1841,1802,1872,1968,2145,2149,2210,2275,2350,2420,2558,2731,2935,3077,3323,3669,3958,4299,4773,5415,5848,6370,6850,7409,8149,9244,10068,11332,12204,12655,13811,14538,15205,15813,16524,17385,18406,18934,20147,20881,21632,22358,23703,24986,26413,27244,28744,29789,29861,30772,31999,33483,35987,38122,40936,38889,39235,42403,43725,44311,44891,45876
"21000","Kentucky",388,322,287,208,204,232,264,293,339,296,305,322,401,551,717,778,815,836,871,1004,944,1003,1177,1261,1332,1316,1374,1458,1515,1568,1627,1655,1755,1847,1931,1994,2155,2350,2523,2735,3034,3256,3470,3793,4215,4685,5030,5520,6117,6745,7507,8125,9022,9580,9915,11063,11553,11905,12579,13693,14726,15561,16292,17361,17813,18544,19241,20254,21325,22443,23253,24954,25733,26180,26697,28046,29171,30596,31682,32953,32251,32977,34578,35814,35967,37396,38989
"22000","Louisiana",409,353,315,238,226,263,289,328,352,347,359,365,465,617,811,896,908,846,890,1023,1082,1133,1235,1310,1376,1368,1423,1535,1652,1671,1717,1717,1772,1841,1945,2037,2176,2371,2575,2801,2958,3174,3402,3671,4065,4581,5064,5617,6172,6965,7783,8778,9977,10547,10884,11570,12023,12032,12250,13095,14030,15224,15922,16909,17655,18682,19459,20222,21173,22048,22407,23570,25121,25646,26268,27472,29308,33247,35857,37858,36348,37227,38506,40527,40819,42030,43252
"23000","Maine",599,573,492,380,373,418,435,509,513,476,500,532,641,873,1126,1123,1101,1149,1183,1257,1201,1212,1346,1474,1488,1492,1629,1719,1778,1851,1906,1985,1972,2052,2121,2290,2464,2615,2731,2939,3243,3541,3732,4012,4456,4884,5199,5852,6271,6870,7571,8506,9343,10086,10740,11802,12648,13649,14675,15889,17064,17581,17780,18589,19132,19927,20812,21903,22999,24455,25488,27109,28279,29057,30301,31762,32307,34019,35350,36695,36586,37102,38597,39589,39562,40745,42077
"24000","Maryland",775,721,646,522,474,531,558,627,674,643,673,722,895,1157,1324,1359,1349,1353,1386,1546,1539,1701,1893,2037,2113,2032,2144,2285,2380,2338,2401,2487,2595,2729,2818,2980,3152,3389,3628,3947,4465,4878,5264,5690,6223,6757,7282,7889,8507,9418,10325,11481,12659,13658,14555,15947,17139,18204,19299,20775,22103,23068,23574,24488,25235,26124,26999,28027,29335,31291,32902,35345,36819,37723,39004,41432,43301,45904,47708,49307,48739,49683,51800,53078,52545,54176,56127
"25000","Massachusetts",911,842,766,621,567,617,653,725,742,683,735,792,921,1102,1296,1330,1382,1424,1459,1534,1502,1688,1860,1945,1996,1976,2119,2245,2354,2369,2475,2557,2657,2784,2851,2986,3153,3376,3629,3947,4275,4575,4859,5228,5647,6108,6592,7098,7733,8547,9500,10695,11868,13005,14067,15755,16938,18197,19608,21403,22437,23080,23468,24639,25487,26603,27933,29523,31152,32875,34783,38438,39774,39742,40744,42674,44596,47940,50103,51742,50296,51643,54327,56752,56549,58737,61032
"26000","Michigan",792,657,540,394,348,454,532,621,687,574,628,683,834,1058,1371,1403,1341,1339,1474,1560,1522,1716,1895,1983,2198,2068,2229,2269,2301,2228,2327,2405,2396,2555,2687,2901,3156,3378,3471,3808,4092,4178,4505,4973,5520,5880,6292,7020,7861,8722,9511,10171,10934,11403,12207,13497,14599,15455,15968,16982,18223,18949,19165,20167,21106,22559,23664,24696,25874,27239,28408,30023,30245,30333,31060,32097,32914,33845,34855,35828,34159,35199,37343,38652,39197,40740,42427
"27000","Minnesota",594,547,457,361,310,359,449,473,538,493,517,524,616,799,954,1012,1118,1194,1272,1449,1332,1443,1590,1645,1725,1743,1810,1857,1950,2037,2080,2171,2254,2346,2476,2557,2800,3015,3202,3483,3817,4099,4331,4689,5467,5865,6301,6753,7559,8427,9298,10207,11237,11974,12577,14211,14984,15789,16724,17371,18824,19795,20165,21426,21777,23084,24169,25778,26938,29037,30190,32332,33326,33899,35256,36924,37787,39634,41560,43256,41064,42567,45214,47293,47410,48998,50541
"28000","Mississippi",277,197,169,122,126,167,174,222,220,196,201,212,315,456,552,642,640,618,669,798,710,780,866,921,956,949,1072,1079,1091,1185,1280,1272,1363,1398,1536,1591,1726,1884,2052,2253,2493,2730,2966,3317,3721,4040,4344,4864,5347,5887,6600,7127,7958,8347,8699,9465,9940,10286,10895,11689,12684,13288,13881,14827,15609,16678,17403,18300,19129,20073,20594,21582,22806,23173,23981,25257,26794,28050,29543,30703,30188,30783,31976,33127,33629,34431,35444
"29000","Missouri",619,560,489,365,334,368,420,467,507,476,504,520,646,818,979,1082,1147,1200,1231,1376,1332,1438,1575,1682,1763,1756,1850,1939,1982,2111,2198,2228,2292,2409,2507,2619,2832,2996,3176,3492,3639,3936,4213,4553,5035,5376,5876,6397,7058,7818,8686,9364,10435,11156,11869,13075,13926,14608,15290,16137,17230,17894,18560,19629,20326,21317,22183,23271,24496,25536,26402,28015,28794,29245,30261,31636,32603,34408,35842,37441,36306,36638,38042,39905,40297,41639,42752
"30000","Montana",592,501,387,334,299,365,475,478,514,515,530,566,708,901,1155,1185,1212,1310,1480,1638,1432,1677,1832,1854,1842,1807,1935,1972,2034,2123,2076,2130,2083,2431,2400,2440,2624,2810,2890,3033,3391,3742,3927,4498,5152,5526,5994,6348,6751,7788,8312,9141,10292,10731,11167,11711,11871,12477,12960,13390,14776,15533,16372,17082,18061,18195,18862,19530,20278,21713,22243,23594,24751,25296,26663,28180,29561,31484,33374,34912,33627,34737,36959,39102,38884,39903,41280
"31000","Nebraska",584,510,409,302,273,264,404,394,413,402,399,439,548,823,1029,1101,1196,1187,1270,1547,1362,1584,1668,1798,1707,1796,1693,1719,1997,2112,2113,2217,2223,2386,2431,2488,2756,2990,3094,3279,3658,3905,4241,4653,5387,5580,6364,6615,7142,8228,8853,9389,10851,11655,12064,13360,14114,14629,15368,16364,17315,18471,19003,20013,20491,21598,22583,24348,24868,26437,27527,28978,30178,30696,32611,33768,34772,35982,38484,40626,39226,40023,43820,45578,46254,47557,48006
"32000","Nevada",874,834,665,557,499,560,667,845,775,785,864,902,1001,1592,1550,1526,1658,1788,1793,1791,1845,2063,2288,2487,2542,2513,2625,2597,2679,2740,2894,3036,3106,3324,3317,3346,3436,3605,3801,4292,4702,5138,5445,5783,6296,6654,7225,7876,8699,9909,10809,11806,12838,13206,13711,14589,15467,16227,17006,18405,19587,20476,21206,22572,23357,24357,25346,26611,27500,28589,29726,31230,31789,31882,33347,35744,38683,39915,40939,40243,36931,36918,37745,39436,39223,40742,42185
"33000","New Hampshire",688,647,560,429,420,479,503,541,570,537,566,585,719,870,1002,1081,1138,1169,1234,1308,1291,1365,1530,1605,1685,1738,1861,1943,2059,2066,2193,2266,2353,2462,2500,2632,2785,3031,3235,3517,3851,4009,4236,4566,5008,5413,5801,6427,7060,7938,8893,10034,11217,12207,13270,14724,15944,17159,18462,19785,20756,20699,21433,22320,22832,24133,25312,26417,28027,29996,31215,34293,35147,35515,36199,38390,39609,42112,43638,44876,43936,45308,48005,50546,50535,52773,54817
"34000","New Jersey",920,850,741,592,528,577,631,715,753,704,757,829,969,1185,1454,1575,1608,1548,1589,1667,1639,1819,2024,2143,2262,2246,2324,2473,2579,2485,2616,2718,2785,2944,3015,3171,3354,3589,3825,4153,4587,4917,5237,5649,6140,6670,7208,7811,8548,9472,10490,11788,13103,14109,15192,16719,17830,18939,20308,22184,23777,24798,25081,26742,27328,28071,29609,31074,32830,34644,35921,39165,40227,40964,41861,43686,45341,48444,50685,52256,50300,51202,53556,55142,55194,57620,59782
"35000","New Mexico",405,332,287,208,211,246,293,343,362,338,356,377,476,656,803,908,971,947,1027,1150,1182,1253,1403,1498,1525,1547,1631,1717,1836,1948,2017,1997,2065,2114,2163,2247,2370,2502,2603,2835,3091,3399,3652,4010,4385,4814,5328,5778,6307,7071,7803,8568,9520,10155,10641,11448,12191,12481,12886,13495,14327,15137,15865,16627,17430,18111,19035,19637,20356,21295,21768,23438,25264,25777,26250,27435,29005,30497,31832,33374,32293,33019,34556,35585,35254,37091,38457
"36000","New York",1156,1041,888,686,634,688,732,819,848,801,838,883,1012,1191,1417,1569,1682,1727,1754,1792,1747,1877,2028,2085,2173,2204,2327,2450,2560,2627,2769,2868,2957,3072,3170,3361,3539,3775,4049,4439,4635,4935,5249,5619,6026,6533,7066,7503,8155,8954,9841,10997,12252,13273,14239,15723,16798,17885,19055,20845,22485,23994,23872,25068,25566,26264,27620,28953,30462,31813,33262,35328,36308,36282,37199,39342,41381,44472,47780,49032,47655,49283,51598,53571,53606,55611,57705
"37000","North Carolina",327,287,244,183,203,247,267,294,321,291,312,323,430,588,713,778,835,876,906,1011,981,1098,1221,1260,1308,1335,1408,1478,1468,1546,1625,1672,1735,1844,1925,2058,2198,2424,2589,2822,3143,3386,3614,4011,4470,4856,5207,5712,6175,6881,7522,8295,9249,9805,10582,11797,12587,13414,14263,15434,16613,17370,17826,19113,19967,20833,21857,22923,24138,25472,26464,27876,28484,28507,29081,30785,32245,33775,35096,35917,34944,35569,36622,38655,37774,39171,40656
"38000","North Dakota",377,308,195,178,151,184,271,238,324,282,316,352,521,658,959,1020,1037,1080,1467,1465,1234,1391,1484,1353,1374,1408,1544,1616,1664,1934,1759,1911,1734,2444,2251,2221,2586,2625,2715,2859,3211,3401,3872,4580,6386,6312,6579,6380,6588,8255,8455,8068,10484,11192,11656,12480,12973,13309,13857,12930,14709,16137,16374,17880,18033,19456,19417,21635,21253,23372,23701,25870,26540,27158,29496,29717,31429,32826,36162,40923,39422,42964,47861,55388,54373,55802,54376
"39000","Ohio",772,664,564,403,387,457,519,597,651,566,620,664,828,1032,1273,1330,1362,1325,1412,1547,1462,1617,1848,1931,2041,1983,2108,2204,2267,2203,2337,2415,2432,2542,2632,2784,2976,3208,3333,3640,3959,4136,4373,4739,5244,5744,6139,6741,7453,8222,9079,9909,10785,11312,12014,13267,14097,14766,15428,16488,17689,18669,18929,20034,20740,21782,22707,23710,25037,26408,27250,28631,29418,29809,30579,31732,32687,34415,35632,36643,35530,36377,38807,40329,40749,42236,43478
"40000","Oklahoma",449,365,294,213,220,250,296,322,374,345,348,374,436,639,802,964,988,961,1031,1148,1184,1167,1323,1442,1522,1507,1563,1646,1716,1861,1923,1977,2008,2053,2112,2256,2423,2584,2782,3029,3329,3625,3872,4185,4680,5136,5661,6116,6698,7479,8514,9581,10989,11850,11813,12687,13273,13412,13536,14314,15341,16180,16525,17357,17872,18509,19164,20101,21011,22140,22797,24801,26572,26807,27548,28989,30957,33522,34563,37739,34578,35949,39037,41549,41962,43637,44272
"41000","Oregon",665,605,503,377,357,436,459,546,556,531,570,611,822,1132,1403,1402,1372,1391,1516,1665,1627,1681,1861,1945,1953,1908,2023,2120,2107,2158,2297,2339,2409,2516,2602,2750,2913,3089,3260,3506,3774,4033,4330,4752,5248,5841,6360,7033,7652,8534,9395,10157,10861,11146,11881,12831,13429,14107,14756,15838,17138,18065,18562,19440,20364,21399,22583,23889,24946,26106,26959,28878,29342,29306,30028,31486,32434,34546,35648,36750,35390,35791,37512,39083,39426,41220,42974
"42000","Pennsylvania",776,717,605,455,423,487,524,608,643,570,609,659,786,965,1169,1272,1305,1306,1379,1443,1409,1559,1726,1805,1912,1844,1933,2084,2197,2188,2260,2319,2357,2466,2542,2696,2866,3078,3289,3553,3864,4133,4358,4748,5209,5732,6245,6821,7488,8268,9142,10024,11070,11833,12414,13430,14312,15051,15910,17181,18577,19591,20266,21276,21951,22613,23592,24767,25998,27374,28524,30493,31524,32108,33055,34648,35910,38202,40084,41675,40785,41918,44018,45781,46028,47679,49180
"44000","Rhode Island",881,794,718,583,568,608,655,721,741,683,731,766,958,1189,1246,1312,1317,1406,1489,1469,1414,1602,1778,1834,1930,1932,2041,2082,2108,2196,2314,2357,2459,2605,2700,2846,3046,3306,3545,3818,4011,4298,4487,4823,5138,5520,6024,6550,7128,7806,8681,9839,10916,11705,12599,13806,14741,15704,16653,18239,19783,20187,20219,21125,21975,22508,23708,24471,25798,27423,28365,30214,31574,32698,34137,35562,36592,38779,40691,41889,41081,42737,44292,46084,46145,48359,50080
"45000","South Carolina",267,239,203,156,172,207,228,256,271,248,275,314,415,580,675,753,772,792,803,929,888,946,1162,1243,1280,1216,1278,1313,1344,1374,1455,1500,1563,1665,1735,1852,2031,2258,2422,2659,2955,3219,3442,3783,4197,4638,4949,5450,5860,6507,7183,7922,8789,9262,9983,10993,11666,12317,13055,14058,15108,16018,16380,17213,17880,18753,19629,20614,21574,22828,23715,25143,25859,26263,26903,28135,29402,31183,32443,33449,32499,32853,34220,35461,35472,36677,38041
"46000","South Dakota",415,357,242,189,136,189,305,247,321,317,341,357,470,755,853,976,1083,1121,1254,1506,1124,1300,1523,1359,1484,1507,1388,1469,1733,1809,1619,1938,1922,2152,2078,2058,2346,2570,2657,2855,3114,3394,3691,4223,5317,5326,5871,5757,6510,7493,8243,8278,9640,10185,10572,11891,12196,12782,13454,13980,15094,16516,17044,18226,18813,20021,20238,22237,22644,24416,25631,27267,28440,28538,30941,32564,33443,33898,37257,40095,38661,40204,44241,44792,44772,45279,45002
"47000","Tennessee",373,321,273,194,201,242,263,302,332,298,310,339,440,570,745,879,926,881,897,972,962,1043,1143,1203,1304,1305,1355,1454,1513,1559,1647,1666,1741,1821,1908,2023,2188,2395,2538,2814,3032,3262,3537,3904,4377,4771,5135,5654,6161,6929,7602,8260,9138,9678,10301,11396,12138,12933,13801,14882,15876,16740,17334,18664,19530,20395,21508,22341,23308,25316,26119,27503,28147,28613,29454,30925,31695,33072,34227,35307,34468,35601,37323,39137,39312,40457,42069
"48000","Texas",473,407,345,262,254,291,325,372,418,404,417,438,538,742,970,1068,1082,1061,1154,1220,1318,1392,1524,1607,1643,1683,1754,1840,1916,1937,2013,2020,2093,2146,2217,2350,2503,2709,2928,3193,3481,3768,3991,4335,4816,5320,5912,6486,7076,7984,8943,9948,11375,12023,12448,13430,14212,14295,14530,15375,16307,17366,17817,18880,19535,20206,21177,22319,23825,25500,26447,28365,29717,29327,30010,31077,33330,35554,36992,39892,37037,38282,41235,43505,43807,45669,46745
"49000","Utah",548,494,372,304,297,314,391,463,447,446,460,484,601,907,1165,1078,1153,1122,1197,1282,1289,1385,1594,1651,1658,1631,1728,1822,1935,1959,2042,2111,2173,2307,2360,2473,2577,2702,2825,3005,3231,3535,3833,4154,4483,4891,5302,5810,6349,7037,7661,8266,9056,9572,10004,10847,11492,11918,12360,13053,13894,14866,15521,16292,17021,17879,18981,20126,21231,22416,23386,24781,25712,25960,26316,27545,29398,31786,33643,34512,32428,32614,34415,35995,36542,37664,39045
"50000","Vermont",630,572,471,362,337,381,414,469,485,457,491,518,650,782,946,962,1047,1097,1132,1204,1129,1171,1346,1392,1444,1474,1543,1679,1747,1762,1859,1954,2031,2115,2171,2314,2506,2786,2944,3188,3441,3696,3930,4253,4611,4939,5322,5853,6259,7088,7862,8720,9766,10492,11114,12187,13088,14005,15060,16183,17648,18069,18266,19411,19971,20764,21702,22684,23763,25389,26700,28556,29968,30567,31779,33652,34347,36597,38460,40111,39268,40066,42735,44287,44839,46428,47864
"51000","Virginia",435,387,371,286,286,323,354,394,426,394,431,480,614,847,887,938,987,1051,1052,1204,1187,1330,1516,1618,1651,1681,1759,1835,1873,1901,2012,2058,2135,2257,2372,2570,2741,2937,3176,3474,3873,4161,4509,4925,5421,5923,6410,6967,7611,8509,9407,10537,11661,12497,13345,14642,15666,16620,17581,18906,20156,20838,21432,22430,23247,24138,25028,25962,27351,28917,30479,32465,33711,34154,35745,37753,40036,42386,44422,45618,44458,45412,47689,49320,48956,50345,52136
"53000","Washington",740,657,534,402,376,442,491,570,601,583,617,667,885,1233,1507,1557,1451,1433,1532,1667,1646,1786,1945,2051,2152,2166,2202,2257,2352,2359,2460,2518,2622,2771,2824,2952,3177,3485,3676,3971,4244,4379,4571,4929,5501,6116,6783,7376,8009,9051,10065,11022,12066,12660,13409,14248,14939,15803,16480,17526,18954,20162,21052,22139,22745,23495,24358,25782,27297,29432,31077,32882,33241,33629,34663,36787,37754,40204,42954,44460,42248,42821,44800,47344,47468,49610,51146
"54000","West Virginia",458,407,354,256,258,313,338,391,419,371,390,409,500,617,748,829,900,932,1036,1109,1019,1054,1183,1249,1279,1229,1324,1485,1604,1594,1640,1667,1713,1806,1899,2024,2177,2324,2470,2626,2828,3148,3408,3717,4045,4461,4969,5427,5979,6603,7295,7973,8680,9217,9485,10292,10835,11247,11683,12649,13577,14571,15124,16229,16726,17410,17953,18692,19514,20330,20873,22110,23306,24206,24669,25498,26360,28319,29316,31397,31429,32104,34211,35374,35163,36132,37047
"55000","Wisconsin",670,584,469,362,333,380,461,518,551,508,515,548,673,872,1065,1116,1191,1215,1299,1432,1386,1509,1744,1808,1845,1781,1885,2001,2070,2081,2227,2260,2306,2413,2457,2614,2787,3017,3164,3427,3749,3979,4239,4596,5104,5583,6079,6647,7381,8214,9136,9986,10858,11441,12062,13228,13910,14657,15399,16204,17559,18379,18861,20136,20933,22015,22909,24027,25309,26896,27807,29382,30473,31060,31905,33350,34311,36268,37674,38980,38320,38815,40837,42463,42737,44186,45617
"56000","Wyoming",672,582,477,375,372,414,498,552,606,560,586,602,792,974,1171,1242,1274,1365,1512,1631,1693,1778,2009,1973,1993,1923,1990,2100,2216,2239,2329,2360,2440,2555,2592,2649,2792,2941,3157,3349,3683,4017,4381,4829,5533,6276,6815,7250,8133,9280,10344,11496,12672,12940,12701,13390,14141,14166,14161,14816,16472,17989,18649,19457,20250,20868,21626,22440,23967,25430,27085,28959,30736,31442,33400,35692,39164,44186,45505,48934,43153,44846,49140,52154,51791,54584,55303
"91000","New England",876,805,718,573,534,587,625,699,724,663,714,768,923,1132,1314,1343,1367,1408,1467,1521,1478,1644,1834,1934,2000,1987,2122,2255,2357,2338,2441,2521,2614,2738,2810,2954,3128,3368,3618,3892,4269,4547,4795,5156,5589,6056,6516,7061,7701,8527,9501,10716,11914,12939,13896,15472,16591,17795,19182,20900,22218,22764,23056,24360,25152,26092,27394,28763,30401,32260,33853,36904,38222,38347,39328,41435,43157,46271,48568,49977,48585,49994,52463,54796,54582,56798,58863
"92000","Mideast",972,890,764,593,545,602,646,732,767,710,750,802,933,1124,1344,1464,1529,1543,1589,1656,1626,1773,1939,2021,2114,2100,2203,2343,2451,2462,2573,2658,2730,2855,2944,3117,3295,3522,3769,4104,4399,4711,5014,5406,5857,6378,6908,7434,8104,8930,9836,10939,12133,13075,13943,15294,16339,17327,18438,20070,21605,22823,23093,24288,24889,25609,26829,28117,29572,31108,32464,34789,35887,36301,37270,39251,40992,43804,46309,47793,46528,47781,50038,51790,51819,53749,55667
"93000","Great Lakes",796,678,564,410,377,450,519,594,658,574,623,668,819,1009,1255,1327,1362,1366,1469,1604,1520,1681,1887,1962,2097,2020,2139,2250,2305,2262,2386,2454,2492,2620,2711,2874,3094,3319,3456,3741,4058,4229,4515,4909,5467,5926,6392,7013,7751,8569,9418,10185,11124,11681,12342,13616,14457,15228,15961,17046,18278,19207,19486,20732,21476,22615,23653,24796,26038,27505,28469,30145,30815,31116,31800,33072,34113,35897,37318,38453,36964,37745,39922,41493,41900,43274,44815
"94000","Plains",565,504,416,312,277,309,403,414,476,438,456,480,597,812,992,1062,1133,1188,1261,1459,1324,1469,1601,1693,1707,1754,1758,1828,1948,2062,2087,2160,2220,2356,2442,2534,2776,2974,3110,3370,3661,3931,4200,4614,5358,5657,6191,6581,7236,8152,8954,9612,10835,11527,12062,13383,14114,14788,15543,16199,17407,18332,18817,19989,20447,21617,22454,23961,24992,26477,27382,29138,30069,30541,31748,33293,34293,36072,38084,40216,38621,39488,42192,44105,44409,45665,46515
"95000","Southeast",363,310,271,203,205,246,268,307,331,303,321,345,447,611,751,839,881,877,905,1012,984,1067,1206,1282,1343,1338,1429,1518,1568,1616,1699,1725,1789,1879,1977,2104,2259,2454,2638,2892,3198,3468,3738,4108,4567,4987,5373,5874,6415,7178,7927,8776,9783,10368,11069,12147,12933,13620,14367,15463,16654,17468,17978,19003,19757,20605,21591,22556,23561,24975,25882,27393,28360,28767,29615,31240,32897,34892,36272,37079,35697,36504,38190,39476,39466,40792,42252
"96000","Southwest",470,398,333,249,246,282,320,362,409,390,401,423,517,726,931,1039,1061,1039,1126,1211,1286,1340,1489,1581,1623,1648,1718,1805,1881,1928,2003,2023,2087,2140,2204,2334,2482,2673,2878,3148,3449,3748,3989,4332,4804,5284,5820,6359,6938,7822,8777,9771,11124,11762,12169,13146,13915,14111,14395,15204,16123,17062,17506,18448,19098,19810,20722,21784,23114,24657,25527,27389,28706,28564,29272,30506,32684,34939,36272,38652,36016,37057,39703,41741,41966,43699,44774
"97000","Rocky Mountain",589,532,420,330,313,366,437,503,501,487,501,529,655,917,1105,1117,1194,1229,1350,1455,1413,1529,1758,1831,1789,1767,1856,1952,2063,2106,2177,2237,2294,2428,2479,2570,2743,2890,3041,3245,3577,3927,4238,4647,5156,5681,6125,6617,7178,8074,8870,9832,10941,11536,12063,12935,13519,13946,14417,15238,16477,17433,18074,19037,19977,20790,21913,23024,24125,25927,27241,29368,30409,30492,31076,32468,34281,36550,38108,39254,37127,37627,39862,41754,42129,43787,45126
"98000","Far West",905,812,683,526,495,556,610,714,738,717,736,796,986,1292,1556,1584,1569,1630,1674,1769,1751,1886,2099,2230,2279,2260,2387,2492,2568,2592,2729,2816,2884,3009,3108,3274,3434,3684,3894,4219,4566,4849,5095,5521,6007,6621,7232,7878,8558,9537,10588,11705,12839,13437,14230,15430,16286,17078,17923,19042,20136,21104,21536,22423,22849,23481,24497,25754,27003,28854,30307,32767,33410,33654,34720,36605,38296,40784,42410,43167,41029,41751,43976,46524,46897,48775,51124
"Legend / Footnotes:"
"2/ Per capita personal income is total personal income divided by total midyear population."
"Geographic Note-- Estimates prior to 1950 are not available for Alaska and Hawaii."
"Note-- All dollar estimates are in current dollars (not adjusted for inflation)."
"(NA) Data not available for this year."
"Last updated: March 24, 2016-- new estimates for 2015. In 2015 details may not add to totals because of rounding."
